<?xml version="1.0" encoding="UTF-8"?>
<capitals>
	<capital>
		<state>Alabama</state>
		<name>Montgomery</name>
		<timeZone>GMT-6</timeZone>
	</capital>
	<capital>
		<state>Alaska</state>
		<name>Juneau</name>
		<timeZone>GMT-9</timeZone>
	</capital>
	<capital>
		<state>Arizona</state>
		<name>Phoenix</name>
		<timeZone>GMT-7</timeZone>
	</capital>
	<capital>
		<state>Arkansas</state>
		<name>Little Rock</name>
		<timeZone>GMT-6</timeZone>
	</capital>
	<capital>
		<state>California</state>
		<name>Sacramento</name>
		<timeZone>GMT-8</timeZone>
	</capital>
	<capital>
		<state>Colorado</state>
		<name>Denver</name>
		<timeZone>GMT-7</timeZone>
	</capital>
	<capital>
		<state>Connecticut</state>
		<name>Hartford</name>
		<timeZone>GMT-5</timeZone>
	</capital>
	<capital>
		<state>Delaware</state>
		<name>Dover</name>
		<timeZone>GMT-5</timeZone>
	</capital>
	<capital>
		<state>Florida</state>
		<name>Tallahassee</name>
		<timeZone>GMT-5</timeZone>
	</capital>
	<capital>
		<state>Georgia</state>
		<name>Atlanta</name>
		<timeZone>GMT-5</timeZone>
	</capital>
	<capital>
		<state>Hawaii</state>
		<name>Honolulu</name>
		<timeZone>GMT-10</timeZone>
	</capital>
	<capital>
		<state>Idaho</state>
		<name>Boise</name>
		<timeZone>GMT-8</timeZone>
	</capital>
	<capital>
		<state>Illinois</state>
		<name>Springfield</name>
		<timeZone>GMT-6</timeZone>
	</capital>
	<capital>
		<state>Indiana</state>
		<name>Indianapolis</name>
		<timeZone>GMT-5</timeZone>
	</capital>
	<capital>
		<state>Iowa</state>
		<name>Des Moines</name>
		<timeZone>GMT-6</timeZone>
	</capital>
	<capital>
		<state>Kansas</state>
		<name>Topeka</name>
		<timeZone>GMT-6</timeZone>
	</capital>
	<capital>
		<state>Kentucky</state>
		<name>Frankfort</name>
		<timeZone>GMT-5</timeZone>
	</capital>
	<capital>
		<state>Louisiana</state>
		<name>Baton Rouge</name>
		<timeZone>GMT-6</timeZone>
	</capital>
	<capital>
		<state>Maine</state>
		<name>Augusta</name>
		<timeZone>GMT-5</timeZone>
	</capital>
	<capital>
		<state>Maryland</state>
		<name>Annapolis</name>
		<timeZone>GMT-5</timeZone>
	</capital>
	<capital>
		<state>Massachusetts</state>
		<name>Boston</name>
		<timeZone>GMT-5</timeZone>
	</capital>
	<capital>
		<state>Michigan</state>
		<name>Lansing</name>
		<timeZone>GMT-5</timeZone>
	</capital>
	<capital>
		<state>Minnesota</state>
		<name>St. Paul</name>
		<timeZone>GMT-6</timeZone>
	</capital>
	<capital>
		<state>Mississippi</state>
		<name>Jackson</name>
		<timeZone>GMT-6</timeZone>
	</capital>
	<capital>
		<state>Missouri</state>
		<name>Jefferson City</name>
		<timeZone>GMT-6</timeZone>
	</capital>
	<capital>
		<state>Montana</state>
		<name>Helena</name>
		<timeZone>GMT-7</timeZone>
	</capital>
	<capital>
		<state>Nebraska</state>
		<name>Lincoln</name>
		<timeZone>GMT-6</timeZone>
	</capital>
	<capital>
		<state>Nevada</state>
		<name>Carson City</name>
		<timeZone>GMT-8</timeZone>
	</capital>
	<capital>
		<state>New Hampshire</state>
		<name>Concord</name>
		<timeZone>GMT-5</timeZone>
	</capital>
	<capital>
		<state>New Jersey</state>
		<name>Trenton</name>
		<timeZone>GMT-5</timeZone>
	</capital>
	<capital>
		<state>New Mexico</state>
		<name>Santa Fe</name>
		<timeZone>GMT-7</timeZone>
	</capital>
	<capital>
		<state>New York</state>
		<name>Albany</name>
		<timeZone>GMT-5</timeZone>
	</capital>
	<capital>
		<state>North Carolina</state>
		<name>Raleigh</name>
		<timeZone>GMT-5</timeZone>
	</capital>
	<capital>
		<state>North Dakota</state>
		<name>Bismarck</name>
		<timeZone>GMT-6</timeZone>
	</capital>
	<capital>
		<state>Ohio</state>
		<name>Columbus</name>
		<timeZone>GMT-5</timeZone>
	</capital>
	<capital>
		<state>Oklahoma</state>
		<name>Oklahoma City</name>
		<timeZone>GMT-6</timeZone>
	</capital>
	<capital>
		<state>Oregon</state>
		<name>Salem</name>
		<timeZone>GMT-8</timeZone>
	</capital>
	<capital>
		<state>Pennsylvania</state>
		<name>Harrisburg</name>
		<timeZone>GMT-5</timeZone>
	</capital>
	<capital>
		<state>Rhode Island</state>
		<name>Providence</name>
		<timeZone>GMT-5</timeZone>
	</capital>
	<capital>
		<state>South Carolina</state>
		<name>Columbia</name>
		<timeZone>GMT-5</timeZone>
	</capital>
	<capital>
		<state>South Dakota</state>
		<name>Pierre</name>
		<timeZone>GMT-6</timeZone>
	</capital>
	<capital>
		<state>Tennessee</state>
		<name>Nashville</name>
		<timeZone>GMT-5</timeZone>
	</capital>
	<capital>
		<state>Texas</state>
		<name>Austin</name>
		<timeZone>GMT-6</timeZone>
	</capital>
	<capital>
		<state>Utah</state>
		<name>Salt Lake City</name>
		<timeZone>GMT-7</timeZone>
	</capital>
	<capital>
		<state>Vermont</state>
		<name>Montpelier</name>
		<timeZone>GMT-5</timeZone>
	</capital>
	<capital>
		<state>Virginia</state>
		<name>Richmond</name>
		<timeZone>GMT-5</timeZone>
	</capital>
	<capital>
		<state>Washington</state>
		<name>Olympia</name>
		<timeZone>GMT-8</timeZone>
	</capital>
	<capital>
		<state>West Virginia</state>
		<name>Charleston</name>
		<timeZone>GMT-5</timeZone>
	</capital>
	<capital>
		<state>Wisconsin</state>
		<name>Madison</name>
		<timeZone>GMT-6</timeZone>
	</capital>
	<capital>
		<state>Wyoming</state>
		<name>Cheyenne</name>
		<timeZone>GMT-7</timeZone>
	</capital>
</capitals>