<chapter id="configuration">
    <title>Bridge Configuration</title>
    <para>
        The 301 specification is aimed at making the developers life as easy as possible with JSF+Portlet development.
        You
        will see below that there are minimal settings to getting any JSF web application up and running in the Portal
        environment.
    </para>
    <section>
       <title>Core Setup and Configuration</title>

       <section>
        <title>portlet.xml</title>
        <para>
            The basic JSR-301 portlet configuration.</para>
            <programlisting role="XML"><![CDATA[
      <portlet>
         <portlet-name>yourPortletName</portlet-name>
         <portlet-class>
            javax.portlet.faces.GenericFacesPortlet
         </portlet-class>

         <init-param>
            <name>javax.portlet.faces.defaultViewId.view</name>
            <value>/welcome.xhtml</value>
         </init-param>

         <init-param>
            <name>javax.portlet.faces.defaultViewId.edit</name>
            <value>/jsf/edit.xhtml</value>
         </init-param>

         <init-param>
            <name>javax.portlet.faces.defaultViewId.help</name>
            <value>/jsf/help.xhtml</value>
         </init-param>]]></programlisting>


        <para>When preserveActionParams is set to TRUE, the bridge must maintain any request parameters assigned during
            the portlet's action request. The request parameters are maintained in the<emphasis role="italics">"bridge
            request scope"</emphasis>. When this
            attribute isn't present or is FALSE the action's request parameters are only maintained for the duration of
            the<emphasis role="italics">portlet request scope</emphasis>.</para>
            <programlisting role="XML"><![CDATA[
      <init-param>
         <name>javax.portlet.faces.preserveActionParams</name>
         <value>true</value>
      </init-param>]]></programlisting>

    </section>

    <section>
        <title>faces-config.xml</title>
        <para>The PortletViewHandler ensures that each JSF portlet instance is porperly namespaced.</para>
        <programlisting role="XML"><![CDATA[
        <faces-config>
            <application>
               <view-handler>
                  org.jboss.portletbridge.application.PortletViewHandler
               </view-handler>
               <state-manager>org.jboss.portletbridge.application.PortletStateManager</state-manager>
            </application>
            ...]]></programlisting>
    </section>
    <section>
        <title>Facelets Configuration</title>
         <para>The following web.xml setting is only for Facelets based applications</para>
       <section>
        <title>web.xml</title>
        <programlisting role="XML"><![CDATA[
        <web-app xmlns="http://java.sun.com/xml/ns/j2ee"
                 xmlns:xsi="http://www.w3.org/2001/XMLSchema-instance"
                 xsi:schemaLocation="http://java.sun.com/xml/ns/j2ee http://java.sun.com/xml/ns/j2ee/web-app_2_4.xsd"
                 version="2.4">
            ...
            <!-- This is optional parameters for a facelets based application -->
            <context-param>
                <param-name>org.ajax4jsf.VIEW_HANDLERS</param-name>
                <param-value>org.jboss.portletbridge.application.FaceletPortletViewHandler</param-value>
            </context-param>]]></programlisting>
         <para>
         </para>
          <programlisting role="XML"><![CDATA[
             <context-param>
                <param-name>javax.portlet.faces.renderPolicy</param-name>
                <param-value>
                    ALWAYS_DELEGATE
                </param-value>
            </context-param>
            ...
        </web-app>]]></programlisting>
          <note>
             <title>RenderPolicy Options</title>
           <itemizedlist>
            <listitem>
                <para>
                   <literal>ALWAYS_DELEGATE</literal>
                   Indicates the bridge should not render the view itself but rather always delegate the rendering.
                </para>
            </listitem>
            <listitem>
                <para>
                   <literal>NEVER_DELEGATE</literal>
                   Indicates the bridge should always render the view itself and never delegate.
                </para>
            </listitem>
            <listitem>
                <para>
                   <literal>DEFAULT</literal>
                   Directs the bridge to first delegate the render and if and only if an Exception is thrown then
                   render the view based on its own logic.  If the configuration parameter is not present or has an
                   invalid value the bridge renders using default behavior.  I.e. as if DEFAULT is set.
                </para>
            </listitem>
        </itemizedlist>
          </note>
    </section>
       </section>

       <section>
        <title>JSP Only Configuration</title>
        <para>The following web.xml setting is only for JSP based applications. Download the demo application <ulink url="http://anonsvn.jboss.org/repos/portletbridge/branches/portlet_1.0/examples/jsf-ri/1.2-basic/">here</ulink>.</para>
       <section>
        <title>web.xml</title>
        <programlisting role="XML"><![CDATA[
        <web-app xmlns="http://java.sun.com/xml/ns/j2ee"
                 xmlns:xsi="http://www.w3.org/2001/XMLSchema-instance"
                 xsi:schemaLocation="http://java.sun.com/xml/ns/j2ee http://java.sun.com/xml/ns/j2ee/web-app_2_4.xsd"
                 version="2.4">

             <context-param>
                <param-name>javax.portlet.faces.renderPolicy</param-name>
                <param-value>
                    NEVER_DELEGATE
                </param-value>
            </context-param>
            ...
        </web-app>]]></programlisting>
    </section>
       </section>

       <section>
        <title>JSR-301</title>
        <para>
            The Jboss Portlet Bridge can be used with a any compatible implementation ( for example, MyFaces
            implementation). Simply put the following into web.xml :
            </para><programlisting role="XML"><![CDATA[

    <context-param>
        <param-name>javax.portlet.faces.BridgeImplClass</param-name>
        <param-value>org.apache.myfaces.portlet.faces.bridge.BridgeImpl</param-value>
    </context-param>]]></programlisting>

    </section>
    </section>
   <!--End 301 core setup-->

   <section>
      <title>RichFaces Setup and Configuration Options</title>

   <section>
        <title>web.xml</title>

            <para>
               The following configuration is designated for portlets using the RichFaces library. These settings
               will vary based on your individual needs. See
               <ulink url="http://www.jboss.org/file-access/default/members/jbossrichfaces/freezone/docs/devguide/en/html/ArchitectureOverview.html#ScriptsandStylesLoadStrategy"> this section</ulink>
               of the RichFaces documentation for more details.
            </para>
            <programlisting role="XML"><![CDATA[
            <context-param>
                <param-name>org.richfaces.LoadStyleStrategy</param-name>
                <param-value>NONE</param-value>
            </context-param>
            <context-param>
                <param-name>org.richfaces.LoadScriptStrategy</param-name>
                <param-value>NONE</param-value>
            </context-param>
            ]]></programlisting>
            <para>
               The <literal>org.ajax4jsf.RESOURCE_URI_PREFIX</literal> configuration
               cross references a setting in your <filename>jboss-portlet.xml</filename> file (see below). These settings
               are required for RichFaces.
            </para>
            <programlisting role="XML"><![CDATA[
            <context-param>
                <param-name>org.ajax4jsf.RESOURCE_URI_PREFIX</param-name>
                <param-value>rfRes</param-value>
            </context-param>

            <filter>
                <display-name>Ajax4jsf Filter</display-name>
                <filter-name>ajax4jsf</filter-name>
                <filter-class>org.ajax4jsf.Filter</filter-class>
            </filter>

            <filter-mapping>
                <filter-name>ajax4jsf</filter-name>
                <servlet-name>FacesServlet</servlet-name>
                <dispatcher>FORWARD</dispatcher>
                <dispatcher>REQUEST</dispatcher>
                <dispatcher>INCLUDE</dispatcher>
            </filter-mapping>
            ...
        </web-app>
        ]]></programlisting>
    </section>

       <section>
        <title>jboss-portlet.xml</title>
        <para>
            To avoid scripts loading more than once from different portlet windows you can define additional scripts in
            jboss-portlet.xml. *Note the "rfRes" URI prefix that is mapped in the web.xml.</para>
            <programlisting role="XML"><![CDATA[
    <portlet>
        <portlet-name>ajaxPortlet</portlet-name>
        <header-content>
            <script src="/faces/rfRes/org/ajax4jsf/framework.pack.js" type="text/javascript"></script>
            <script src="/faces/rfRes/org/richfaces/ui.pack.js" type="text/javascript"></script>
            <link rel="stylesheet" type="text/css" href="/faces/rfRes/org/richfaces/skin.xcss"/>
        </header-content>
    </portlet>
    ]]></programlisting>

    </section>
    </section>

    <section>
       <title>Seam Setup and Configuration Options</title>
       <section>
        <title>Configuration</title>
        <para>
            The ExceptionHandler is used to clean Seam contexts and transactions after errors.</para>
      <programlisting role="XML"><![CDATA[
      <context-param>
         <param-name>org.jboss.portletbridge.ExceptionHandler</param-name>
         <param-value>
            org.jboss.portletbridge.SeamExceptionHandlerImpl
         </param-value>
      </context-param>
      ]]></programlisting>
           <para>Earlier 2.0.x versions of Seam portlets must have the LIFECYCLE_ID set to SEAM_PORTLET in the web.xml. This setting allows the bridge
           to replace the original Seam phase listener during the faces lifecycle addPhaseListeners. This setting is not needed for
           Seam portlets version 2.1.x and up. </para>
      <programlisting role="XML"><![CDATA[
      <context-param>
        <param-name>javax.faces.LIFECYCLE_ID</param-name>
        <param-value>SEAM_PORTLET</param-value>
      </context-param>
   ]]></programlisting>

    </section>
    </section>

</chapter>
