<chapter id="gettingstarted">
   <title>Getting started with JBoss Portlet Bridge</title>
   <para>
      JBoss Portlet Bridge not only gives you the ability to run JSF web applications in a portlet, but also gives you
      the benefit of running supported JBoss frameworks like Seam and RichFaces.
   </para>
   <section>
      <title>Bridge Frameworks and Extensions</title>
   <para>
      The JBoss Portlet Bridge currently supports JBoss Portal, JSF 1.2, JBoss Seam, and JBoss Richfaces. There are
      configurations that apply to supporting each framework. See section <xref linkend="configuration"/> for instructions.
   </para>
   <para>
      The JBoss Portlet Bridge project is also actively developing extensions, or Bridgelets, that enhance or bring together features of JBoss Portal, Seam, and Richfaces.
      For example, the PortalIdentity seam component allows you to drop the jar in your classpath and you instantly have
      SSO between Seam and Portal. This extension can also be configured with additional attributes in your Seam application's
      components.xml file.
      <note>
	      <para>Don't forget that the bridge is still in Beta and so are any extensions. If you would like to contribute to
         any part of this project, we encourage you to be active on the <ulink url="http://www.jboss.com/index.html?module=bb&amp;op=viewforum&amp;f=273">user forum</ulink> and bring issues/enhancements to attention.</para>
      </note>
   </para>
   <para>
      <table frame='all'>
         <title>Available Bridgelets</title>
         <tgroup cols='5' align='left' colsep='1' rowsep='1'>
            <colspec colname='c1'/>
            <colspec colname='c2'/>
            <colspec colname='c3'/>
            <colspec colnum='5' colname='c5'/>
            <thead>
               <row>
                  <entry align="center">Bridgelet</entry>
                  <entry namest="c2" nameend="c5" align="center">Command</entry>
               </row>
            </thead>
            <tbody>
             <row class="table-odd" style="background-color:#D6DEE0;border:1px solid #E1E9EB;color:#334558;">
                  <entry align="left">Single Sign On</entry>
                  <entry namest="c2" nameend="c5" align="left">
                     <para>By inlcuding the following dependency in your web pom, you will automatically have SSO
                     between Jboss Portal and your Seam 2.1.1.GA application.
                     <programlisting><![CDATA[
<dependency>
   <groupId>org.jboss.portletbridge.extensions.seam</groupId>
   <artifactId>PortalIdentity</artifactId>
   <version>1.0.0.CR2</version>
</dependency>]]>
                  </programlisting> *The <ulink url="http://www.jboss.org/portletbridge/download/">1.0.0.B6</ulink> version of the bridge contains the PortalIdentity which is compatible 
                     with earlier 2.0.x versions of Seam.</para>
                  </entry>
               </row>
               <row class="table-even" style="background-color:#D6DEE0;border:1px solid #E1E9EB;color:#334558;">
                  <entry align="left">RichFaces Javascript Compatibility</entry>
                  <entry namest="c2" nameend="c5" align="left">
                     <para>Richfaces does not account for multiple components on the same portal page by default. This bridgelet
                        renders all RichFaces component javascript to be portal friendly.
                     <programlisting><![CDATA[
<dependency>
   <groupId>org.jboss.portletbridge.extensions.richfaces</groupId>
   <artifactId>PortalResourceBuilder</artifactId>
   <version>1.0.0.CR2</version>
</dependency>]]>
                  </programlisting> </para>
                  </entry>
               </row>
            </tbody>
         </tgroup>
      </table>

   </para>
   </section>
   <section>
      <title>Before you start</title>
      <para>
         Current version and compatibilty information can be easily located on the
         <ulink url="http://www.jboss.org/wiki/JBossPortletBridge">JBPB wiki</ulink>. Ensure you are using compatible
         versions of all integrated frameworks before you begin.
      </para>
      <para>
         JBoss Portal provides it's latest distribution included in JBoss Application Server. All of the guesswork has been
         eliminated so that you can unzip and run Portal with a few clicks.
         <ulink url="http://www.jboss.org/jbossportal/download/index.html">Get the latest here</ulink> (ensure you choose
         the JBoss Portal + JBoss AS link)
      </para>
      <para>
         Next, all that's left is to download the <ulink url="http://www.jboss.org/portletbridge/download/">JBoss Portlet
         Bridge distribution</ulink> and cofigure your portlet to use the bridge. Or, you can
         run a provided archetype <xref linkend="archetypes"/> and deploy the generated war in a few easy steps. This will
         also give you an empty project to play around with or start from scratch.
      </para>
      <para>
         For system requirements and setting up your JBoss Portal environment see the
         <ulink url="http://docs.jboss.com/jbportal/v2.6.4/referenceGuide/html_single/#supportedversions">reference guide</ulink>.
      </para>
   </section>
   <section id="archetypes">
      <title>Maven Archetypes</title>
   <para>
      The JBPB project utilizes
      <ulink url="http://maven.apache.org/guides/introduction/introduction-to-archetypes.html">Maven archetypes</ulink>
      which allow you get up and running with different flavors of the bridge quickly.
      <table frame='all'>
         <title>Available Archetypes</title>
         <tgroup cols='5' align='left' colsep='1' rowsep='1'>
            <colspec colname='c1'/>
            <colspec colname='c2'/>
            <colspec colname='c3'/>
            <colspec colnum='5' colname='c5'/>
            <thead>
               <row>
                  <entry align="center">Archetype</entry>
                  <entry namest="c2" nameend="c5" align="center">Command</entry>
               </row>
            </thead>
            <tbody>
             <row class="table-odd" style="background-color:#D6DEE0;border:1px solid #E1E9EB;color:#334558;">
                  <entry align="left">JSF 1.2 Basic</entry>
                  <entry namest="c2" nameend="c5" align="left"><programlisting>mvn archetype:generate
   -DarchetypeGroupId=org.jboss.portletbridge.archetypes
   -DarchetypeArtifactId=1.2-basic
   -DarchetypeVersion=1.0.0.CR2
   -DgroupId=org.whatever.project
   -DartifactId=myprojectname
   -DarchetypeRepository=http://repository.jboss.org/maven2/</programlisting></entry>
               </row>
               <row class="table-even" style="background-color:#D6DEE0;border:1px solid #E1E9EB;color:#334558;">
                  <entry align="left">RichFaces Basic</entry>
                  <entry namest="c2" nameend="c5" align="left"><programlisting>mvn archetype:generate
   -DarchetypeGroupId=org.jboss.portletbridge.archetypes
   -DarchetypeArtifactId=richfaces-basic
   -DarchetypeVersion=1.0.0.CR2
   -DgroupId=org.whatever.project
   -DartifactId=myprojectname
   -DarchetypeRepository=http://repository.jboss.org/maven2/</programlisting>
                  </entry>

               </row>
               <row class="table-odd" style="background-color:#D6DEE0;border:1px solid #E1E9EB;color:#334558;">
                  <entry align="left">Seam Basic (Modular EAR)</entry>
                  <entry namest="c2" nameend="c5" align="left"><programlisting>mvn archetype:generate
   -DarchetypeGroupId=org.jboss.portletbridge.archetypes
   -DarchetypeArtifactId=seam-basic
   -DarchetypeVersion=1.0.0.CR2
   -DgroupId=org.whatever.project
   -DartifactId=seamproject
   -DarchetypeRepository=http://repository.jboss.org/maven2/</programlisting></entry>
               </row>
            </tbody>
         </tgroup>
      </table>

   </para>
      <section>
      <title>Running the Examples</title>
         <note>
            <title>JSF 1.2 Basic, RichFaces Basic, Seam Basic, and other demos</title>
            <para></para>
            <para>Each example application is configured to download the latest versions of JBoss Portal bundled with
            JBoss Application Server. After running the archetype <xref linkend="archetypes"/> or
            <ulink url="http://www.jboss.org/portletbridge/download/">downloading the source code</ulink> for the
            example application that you're interested in, you can run one of the following Maven profiles to save time
            and get everything up and running with only 2 commands.

            You have 2 options for deploying the generated project using Maven. You can let the project download, run, and deploy
            JBoss AS and Portal automatically with the first option . Or you can use your own local install of JBoss AS
            and Portal to deploy this project with the second option.
            </para>

            <emphasis role="bold">JBoss Portal 2.7.2.GA + JBoss AS 4.2.3 (Bundled download)</emphasis>
            <programlisting role="XML"><![CDATA[
            1. mvn install -Plocal-portal cargo:start
            2. mvn cargo:deploy -Plocal-portal
            3. visit http://localhost:8080/portal
            ]]></programlisting>
            <emphasis role="bold">For more commands, view the README.txt in each project.</emphasis>
            <title>Time Saving Tips</title>
            <emphasis role="normal">
            If you plan on using the cargo profiles to do active development, you can save alot of time by not downloading the
            bundle each time you do a clean install. To use a locally configured server bundled with portal, use the following command line parameters.
            The variable for JBOSS_HOME_DIR is related to how you zip the server directory. If you zip the files
            under JBOSS_HOME/* then it will only be the name of your archive. But if you zip the actual folder JBOSS_HOME then
            JBOSS_HOME_DIR must be defined as 'zip file name/JBOSS_HOME folder name'.

            So basically, just zip up your local install of JBoss AS and portal (or download the bundle from sourceforge) if
you want    to use this option.</emphasis>
            <literallayout>
            </literallayout>
            <emphasis role="bold">JBoss Portal 2.7.2.GA + JBoss AS 4.2.3 (Downloaded and stored locally)</emphasis>
            <programlisting role="XML"><![CDATA[
            1. mvn install cargo:start -Dlocal -Plocal-portal -DJBOSS_ZIP_HOME=/{path to zipped portal + JBoss AS}/jboss-portal-2.7.2-bundled.zip -DJBOSS_HOME_DIR=jboss-portal-2.7.2-bundled/jboss-portal-2.7.2
            2. mvn cargo:deploy -Plocal-portal
            3. visit http://localhost:8080/portal
            ]]></programlisting>
         </note>
         <para>

         </para>

      </section>
   </section>
    <section id="videos">
         <title>Video Tutorials</title>
         <para><ulink url="http://www.vimeo.com/3977469">Lesson 1: Getting Started With The Bridge</ulink></para>

    </section>

</chapter>
