﻿<preface id="overview">
   <title>JBoss Portlet Bridge Overview</title>
   <para>
      To get an idea of the JBoss Portlet Bridge community, the developers, and for wiki
      information, checkout <ulink url="http://www.jboss.org/portletbridge/">the project page</ulink>.
   </para>
   <para>
      <emphasis role="bold">What is the JBoss Portlet Bridge?</emphasis>
      <para>
         The JBoss Portlet Bridge (or JBPB for short) is a non-final draft implementation of the
         <ulink url="http://jcp.org/en/jsr/detail?id=301">JSR-301</ulink>
         specification which supports JSF within a
         portlet and with added enhancements to support other web frameworks (such as
         <ulink url="http://www.seamframework.org/">Seam</ulink> and
         <ulink url="http://www.jboss.org/jbossrichfaces/">RichFaces</ulink>). It basically allows any Java
         developer to get started quickly with their JSF web application running in a portal environment. The developer
         no longer needs to worry about the underlying portlet development, portlet concepts, or the API.
      </para>
      <emphasis role="bold">Understanding how JSF works with Portal</emphasis>
      <para>
         The portlet bridge isn't a portlet. It's the mediator between the two environments and allows JSF and Portal
         to be completely unaware of each other.
         The bridge is used to execute Faces requests on behalf of the portlet. During each request, the Faces
         environment is setup and handled by the bridge. Part of this implementation acts as a Faces controller much as
         the FacesServlet does in the direct client request world. The other part of this
         implementation is provided by implementating a variety of (standard) Faces extensions.
      </para>
       <note>
           This draft specification for the JSR 301 specification is not final. Any final specification that may be 
           published will likely contain differences, some of which may be substantial. Publication of this draft
           specification is not intended to provide the basis for implementations of the specification. This draft
           specification is provided AS IS, with all faults. THERE ARE NO WARRANTIES, EXPRESS OR IMPLIED,
           INCLUDING WARRANTIES OF CONDITION OF TITLE OR NONINFRINGEMENT. You may copy and display this draft
           specification provided that you include this notice and any existing copyright notice. Except for the
           limited copyright license granted above, there are no other licenses granted to any intellectual property
           owned or controlled by any of the authors or developers of this material. No other rights are granted by
           implication, estoppel or otherwise.
       </note>
        <!--<figure id="build.fig">
            <title>Faces in Portlet Environment</title>
            <mediaobject>
                <imageobject>
                    <imagedata align="center" fileref="images/portletbridge-basic.png"/>
                </imageobject>
            </mediaobject>
        </figure>-->
     
   </para>

   <!--
      <imageobject>
         <imagedata fileref="images/frontpage.png" format="png" align="center"
                    valign="middle"/>
      </imageobject>
   </para>-->

   <!--<para>
      <emphasis role="bold">JBoss Portal Resources:</emphasis>
      <orderedlist>
         <listitem>
            <para>
               <ulink url="http://labs.jboss.com/jbossportal">JBoss Portal Home Page</ulink>
            </para>
         </listitem>
         <listitem>
            <para>Forums:
               <ulink
                     url="http://www.jboss.org/index.html?module=bb&amp;op=viewforum&amp;f=215"
                     >User</ulink>
               |
               <ulink
                     url="http://www.jboss.org/index.html?module=bb&amp;op=viewforum&amp;f=205"
                     >Design</ulink>
               |
               <ulink url="http://jboss.org/index.html?module=bb&amp;op=viewforum&amp;f=232">WSRP</ulink>
            </para>
         </listitem>
         <listitem>
            <para>
               <ulink url="http://www.jboss.com/wiki/Wiki.jsp?page=JBossPortal">Wiki</ulink>
            </para>
         </listitem>
         <listitem>
            <para>
               <ulink url="http://www.portletswap.com">PortletSwap.com portlet exchange</ulink>
            </para>
         </listitem>
         <listitem>
            <para>
               <ulink
                     url="http://jira.jboss.com/jira/browse/JBPORTAL?report=com.atlassian.jira.plugin.system.project:roadmap-panel"
                     >Our Roadmap</ulink>
            </para>
         </listitem>
      </orderedlist>
   </para>-->

</preface>
