<chapter id="portlet_development">
   <title>Developing Portlets with the Bridge</title>
   <para>
      This chapter demonstrates common development tasks described by the 301 specification.
   </para>
   <section>
      <title>Excluding Attributes from the Bridge Request Scope</title>
      <para>
         When your application uses request attributes on a per request basis and you do not want that particular
         attribute to be managed in the extended bridge request scope, you must use the following configuration in
         your faces-config.xml. Below you will see that any attribute namespaced as foo.bar or any attribute beginning
         with foo.baz(wildcard) will be excluded from the bridge request scope and only be used per that application's request.</para>
         <programlisting role="XML"><![CDATA[
         <application>
          <application-extension>
              <bridge:excluded-attributes>
                  <bridge:excluded-attribute>foo.bar</bridge:excluded-attribute>
                  <bridge:excluded-attribute>foo.baz.*</bridge:excluded-attribute>
              </bridge:excluded-attributes>
          </application-extension>
         </application>
          ]]></programlisting>

   </section>

   <section>
      <title>Supporting PortletMode Changes</title>
      <para>
         A PortletMode represents a distinct render path within an application.  There are three standard modes: view,
         edit, and help. The bridge's ExternalContext.encodeActionURL recognizes the query string parameter
         javax.portlet.faces.PortletMode and uses this parameter's value to set the portlet mode on the underlying
         portlet actionURL or response. Once processed it then removes this parameter from the query string.  This means
         the following navigation rule causes one to render the \edit.jspx viewId in the portlet edit mode:
       </para>  <programlisting role="XML"><![CDATA[
         <navigation-rule>
            <from-view-id>/register.jspx</from-view-id>
            <navigation-case>
              <from-outcome>edit</from-outcome>
              <to-view-id>/edit.jspx?javax.portlet.faces.PortletMode=edit</to-view-id>
           </navigation-case>
         </navigation-rule>
          ]]></programlisting>

   </section>

   <section>
      <title>Navigating to a mode's last viewId</title>
      <para>
         By default a mode change will start in the mode's default view without any (prior) existing state. One common
         portlet pattern when returning to the mode one left after entering another mode (e.g.. view -> edit -> view)
         is to return to the last view  (and state) of this origin mode. The bridge will explicitly encode the necessary
         information so that when returning to a prior mode it can target the appropriate view and restore the appropriate state.
         The session attributes maintained by the bridge are intended to be used by developers to navigate back from a
         mode to the last location and state of a prior mode.  As such a developer needs to describe a dynamic navigation:
         "from view X return to the last view of mode y".  This is most easily expressed via an EL expression.  E.g.
      </para>
         <programlisting role="XML"><![CDATA[
         <navigation-rule>
           <from-view-id>/edit.jspx*</from-view-id>
           <navigation-case>
             <from-outcome>view</from-outcome>
             <to-view-id>#{sessionScope['javax.portlet.faces.viewIdHistory.view']}</to-view-id>
           </navigation-case>
         </navigation-rule>
          ]]></programlisting>
        <para>
         <note>
            <title>Note to Portlet Developers</title>
            Depending on the bridge implementation, when using values from these session scoped attributes or any
            viewIds which may contain query string parameters it may be necessary to use the wildcard syntax when
            identifying the rule target.  For example, the above <programlisting><![CDATA[<to-view-id>]]></programlisting> expression returns a viewId of the
            form <programlisting><![CDATA[/viewId?javax.portlet.faces.PortletMode=view&....]]></programlisting> Without wildcarding, when a subsequent navigation
            occurs  from this new view, the navigation rules wouldn't resolve because there wouldn't be an exact match.
            Likewise, the above edit.jspx <programlisting><![CDATA[<from-view-id>]]></programlisting> is wildcarded because there are navigation rules that target
            it that use a query string (<programlisting><![CDATA[<to-view-id> /edit.jspx?javax.portlet.faces.PortletMode=edit </to-view-id>]]></programlisting>).
            Developers are encouraged to use such wildcarding to ensure they execute properly in the broadest set of
            bridge implementations.
         </note>
      </para>
   </section>

   <section>
      <title>General Error Handling</title>
      <para>The following configuration may be used to handle exceptions. This is also useful for handling session timeout and ViewExpiredExceptions.</para>
      <programlisting role="XML"><![CDATA[
         <error-page>
            <exception-type>javax.servlet.ServletException</exception-type>
            <location>/faces/error.xhtml</location>
         </error-page>
         <error-page>
            <exception-type>javax.faces.application.ViewExpiredException</exception-type>
            <location>/jsf/error.xhtml</location>
         </error-page>
      ]]></programlisting>
   </section>

   <section>
      <title>Custom Ajax Error Handling</title>
      <para>By default, error handling is sent to a standard servlet page for Ajax requests. To handle the error inside the portlet, use the following javascript:</para>
      <programlisting role="XML"><![CDATA[
         <script type="text/javascript">
           A4J.AJAX.onError = function(req,status,message){
             window.alert("Custom onError handler "+message);
           }

           A4J.AJAX.onExpired = function(loc,expiredMsg){
             if(window.confirm("Custom onExpired handler "+expiredMsg+" for a location: "+loc)){
               return loc;
             } else {
               return false;
             }
           }
         </script>
      ]]></programlisting>
   </section>

    <section>
      <title>Storing Components in PortletSession.APPLICATION_SCOPE</title>
      <para>
      Sometimes it makes sense to store your Seam components in the portlet APPLICATION_SCOPE. By default, these objects
          are stored in the PORTLET_SCOPE. For an example on usage, see the Seam chat portlet example <ulink url="http://anonsvn.jboss.org/repos/portletbridge/tags/1.0.0.CR2/examples/seam/bridgechat/">http://anonsvn.jboss.org/repos/portletbridge/tags/1.0.0.CR2/examples/seam/bridgechat/</ulink>
      </para>
         <programlisting role="XML"><![CDATA[
         @PortletScope(PortletScope.ScopeType.APPLICATION_SCOPE)
          ]]></programlisting>

   </section>

</chapter>