<?xml version="1.0" encoding="UTF-8"?>
<pages xmlns="http://jboss.com/products/seam/pages"
       xmlns:xsi="http://www.w3.org/2001/XMLSchema-instance"
       xsi:schemaLocation="http://jboss.com/products/seam/pages http://jboss.com/products/seam/pages-2.0.xsd"
	   >
    
    <exception class="org.jboss.seam.security.NotLoggedInException">
        <redirect view-id="/home.xhtml">
            <message severity="warn">You must be logged in to use this feature</message>
        </redirect>
    </exception>

   <exception>
        <render view-id="/home.xhtml" />
    </exception>

</pages>
