<portlet-app xmlns="http://java.sun.com/xml/ns/portlet/portlet-app_2_0.xsd"
             xmlns:xsi="http://www.w3.org/2001/XMLSchema-instance"
             xsi:schemaLocation="http://java.sun.com/xml/ns/portlet/portlet-app_2_0.xsd http://java.sun.com/xml/ns/portlet/portlet-app_2_0.xsd"
             version="2.0">
  <portlet>
    <portlet-name>seamprojectPortlet</portlet-name>
    <portlet-class>
      javax.portlet.faces.GenericFacesPortlet
    </portlet-class>

    <init-param>
      <name>javax.portlet.faces.defaultViewId.view</name>
      <value>/chatRoom.xhtml</value>
    </init-param>
    <init-param>
      <name>javax.portlet.faces.preserveActionParams</name>
      <value>true</value>
    </init-param>
    <expiration-cache>-0</expiration-cache>
    <portlet-info>
       <title>seamproject</title>
    </portlet-info>
    <supports>
      <mime-type>text/html</mime-type>
      <portlet-mode>VIEW</portlet-mode>
    </supports>
  </portlet>
   

<portlet>
    <portlet-name>seamprojectPortletThird</portlet-name>
    <portlet-class>
      javax.portlet.faces.GenericFacesPortlet
    </portlet-class>

    <init-param>
      <name>javax.portlet.faces.defaultViewId.view</name>
      <value>/chatClient.xhtml</value>
    </init-param>
    <init-param>
      <name>javax.portlet.faces.preserveActionParams</name>
      <value>true</value>
    </init-param>
    <expiration-cache>-0</expiration-cache>
    <portlet-info>
       <title>seamproject3</title>
    </portlet-info>
    <supports>
      <mime-type>text/html</mime-type>
      <portlet-mode>VIEW</portlet-mode>
    </supports>
  </portlet>
</portlet-app>
