<?xml version="1.0" encoding="UTF-8"?>
<deployments>
  <deployment>
     <parent-ref>default</parent-ref>
     <if-exists>overwrite</if-exists>

     <page>
     <page-name>seamproject</page-name>
        <window>
            <window-name>seamprojectPortletWindow</window-name>
            <instance-ref>seamprojectPortletInstance</instance-ref>
            <region>center</region>
            <height>0</height>
            <initial-window-state>normal</initial-window-state>
      </window>
         <window>
            <window-name>seamprojectPortletThirdWindow</window-name>
            <instance-ref>seamprojectPortletThirdInstance</instance-ref>
            <region>left</region>
            <height>0</height>
            <initial-window-state>normal</initial-window-state>
      </window>
    </page>
  
  </deployment>
</deployments>