<?xml version="1.0"?>
<!DOCTYPE facelet-taglib PUBLIC
  "-//Sun Microsystems, Inc.//DTD Facelet Taglib 1.0//EN"
  "http://java.sun.com/dtd/facelet-taglib_1_0.dtd">
<facelet-taglib>
   <namespace>http://sourceforge.net/projects/jsf-comp</namespace>
   <tag>
        <tag-name>chart</tag-name>
        <component>
            <component-type>net.sf.jsfcomp.chartcreator.UIChart</component-type>
        </component>
    </tag>
    <tag>
        <tag-name>chartAxis</tag-name>
        <component>
            <component-type>net.sf.jsfcomp.chartcreator.UIChartAxis</component-type>
        </component>
    </tag>
</facelet-taglib>