<?xml version="1.0" encoding="UTF-8"?>
<components xmlns="http://jboss.com/products/seam/components">
	<component name="pages" class="org.jboss.portletbridge.example.seam.Pages" >
		<property name="path">/pages/</property>
	</component>
	<component name="helpPages" class="org.jboss.portletbridge.example.seam.Pages">
		<property name="path">/helpPages/</property>
	</component>
	<component name="editPages" class="org.jboss.portletbridge.example.seam.Pages">
		<property name="path">/editPages/</property>
	</component>
</components>