<?xml version="1.0"?>
<!DOCTYPE faces-config PUBLIC
   "-//Sun Microsystems, Inc.//DTD JavaServer Faces Config 1.0//EN"
   "http://java.sun.com/dtd/web-facesconfig_1_0.dtd">
<faces-config>

   <application>
      <view-handler>
			org.jboss.portletbridge.application.PortletViewHandler
		</view-handler>
		<state-manager>org.jboss.portletbridge.application.PortletStateManager</state-manager>
   </application>

   <managed-bean>
      <description>Echo Bean</description>
      <managed-bean-name>echo</managed-bean-name>
      <managed-bean-class>${package}.EchoBean</managed-bean-class>
        <managed-bean-scope>request</managed-bean-scope>
        <managed-property>
            <property-name>text</property-name>
            <value/>
        </managed-property>
   </managed-bean>


</faces-config>