<?xml version="1.0"?>
<!DOCTYPE faces-config PUBLIC "-//Sun Microsystems, Inc.//DTD JavaServer Faces Config 1.0//EN"
                              "http://java.sun.com/dtd/web-facesconfig_1_0.dtd">
<faces-config>
<!--  The rest parts of the faces-config.xml are not shown here -->
<navigation-rule> 
   <from-view-id>/richfaces/include/examples/wstep1.xhtml</from-view-id> 
    <navigation-case> 
      <from-outcome>next</from-outcome> 
      <to-view-id>/richfaces/include/examples/wstep2.xhtml</to-view-id> 
    </navigation-case> 
 </navigation-rule>  
 <navigation-rule> 
   <from-view-id>/richfaces/include/examples/wstep2.xhtml</from-view-id> 
    <navigation-case> 
      <from-outcome>previous</from-outcome> 
      <to-view-id>/richfaces/include/examples/wstep1.xhtml</to-view-id> 
    </navigation-case> 
    <navigation-case> 
      <from-outcome>next</from-outcome> 
      <to-view-id>/richfaces/include/examples/finalStep.xhtml</to-view-id> 
    </navigation-case> 
 </navigation-rule>  
 <navigation-rule> 
   <from-view-id>/richfaces/include/examples/finalStep.xhtml</from-view-id> 
    <navigation-case> 
      <from-outcome>previous</from-outcome> 
      <to-view-id>/richfaces/include/examples/wstep2.xhtml</to-view-id> 
    </navigation-case> 
 </navigation-rule> 
 </faces-config>