<?xml version="1.0" encoding="UTF-8"?>
<archetype-descriptor name="basic">
   <modules>
      <module dir="ejb">
         <fileSets>
            <fileSet filtered="true" packaged="true" encoding="UTF-8">
               <directory>src/main/java</directory>
               <includes>
                  <include>**/*.java</include>
               </includes>
            </fileSet>
            <fileSet filtered="true" encoding="UTF-8">
               <directory>src/main/resources</directory>
               <includes>
                  <include>**/*.xml</include>
               </includes>
            </fileSet>
            <fileSet filtered="false" encoding="UTF-8">
               <directory>src/main/resources</directory>
               <includes>
                  <include>**/*.sql</include>
                  <include>**/*.properties</include>
               </includes>
            </fileSet>

         </fileSets>
      </module>
      <module dir="web">
         <fileSets>
            <fileSet filtered="false" encoding="UTF-8">
               <directory>src/main/webapp</directory>
               <includes>
                  <include>**/*.xhtml</include>
                  <include>**/*.html</include>
                  <include>**/*.gif</include>
                  <include>**/*.css</include>
                  <include>**/*.png</include>
                  <include>**/*.jpg</include>
                  <include>WEB-INF/pages.xml</include>
               </includes>
            </fileSet>
            <fileSet filtered="false" encoding="UTF-8">
               <directory>src/main/resources</directory>
               <includes>
                  <include>**/*.properties</include>
               </includes>
            </fileSet>
            <fileSet filtered="true" encoding="UTF-8">
               <directory>src/main/webapp</directory>
               <includes>
                  <include>**/*.xml</include>
               </includes>
               <excludes>
                 <exclude>WEB-INF/pages.xml</exclude>
               </excludes>
            </fileSet>
         </fileSets>
      </module>
      <module dir="ear"/>
   </modules>

</archetype-descriptor>