<archetype>
  <id>seam-basic</id>
   <resources>
      <resource>pom.xml</resource>
      <resource filtered="false">README.txt</resource>
      <resource>ejb/pom.xml</resource>
      <resource filtered="false">ejb/src/main/resources/components.properties</resource>
      <resource filtered="false">ejb/src/main/resources/seam.properties</resource>
      <resource>ejb/src/main/resources/META-INF/ejb-jar.xml</resource>
      <resource>ejb/src/main/resources/META-INF/persistence.xml</resource>

      <resource>ear/pom.xml</resource>

      <resource>web/pom.xml</resource>
      <resource>web/src/main/webapp/WEB-INF/components.xml</resource>
      <resource filtered="false">web/src/main/webapp/WEB-INF/faces-config.xml</resource>
      <resource>web/src/main/webapp/WEB-INF/jboss-app.xml</resource>
      <resource>web/src/main/webapp/WEB-INF/jboss-portlet.xml</resource>
      <resource>web/src/main/webapp/WEB-INF/jboss-web.xml</resource>
      <resource>web/src/main/webapp/WEB-INF/pages.xml</resource>
      <resource>web/src/main/webapp/WEB-INF/portlet-instances.xml</resource>
      <resource>web/src/main/webapp/WEB-INF/portlet.xml</resource>
      <resource>web/src/main/webapp/WEB-INF/seamPortlet-object.xml</resource>
      <resource>web/src/main/webapp/WEB-INF/web.xml</resource>
      <resource filtered="false">web/src/main/webapp/home.xhtml</resource>
      <resource filtered="false">web/src/main/webapp/css/master.css</resource>
      <resource filtered="false">web/src/main/webapp/images/seam-bridge-advert.jpg</resource>
      <!--<resource>ejb/src/main/java/HelloWorld.java</resource>-->
    </resources>
</archetype>