<?xml version="1.0" encoding="UTF-8" standalone="no"?>
<!--

    DO NOT ALTER OR REMOVE COPYRIGHT NOTICES OR THIS HEADER.

    Copyright (c) 2009-2010 Oracle and/or its affiliates. All rights reserved.

    The contents of this file are subject to the terms of either the GNU
    General Public License Version 2 only ("GPL") or the Common Development
    and Distribution License("CDDL") (collectively, the "License").  You
    may not use this file except in compliance with the License.  You can
    obtain a copy of the License at
    https://glassfish.dev.java.net/public/CDDL+GPL_1_1.html
    or packager/legal/LICENSE.txt.  See the License for the specific
    language governing permissions and limitations under the License.

    When distributing the software, include this License Header Notice in each
    file and include the License file at packager/legal/LICENSE.txt.

    GPL Classpath Exception:
    Oracle designates this particular file as subject to the "Classpath"
    exception as provided by Oracle in the GPL Version 2 section of the License
    file that accompanied this code.

    Modifications:
    If applicable, add the following below the License Header, with the fields
    enclosed by brackets [] replaced by your own identifying information:
    "Portions Copyright [year] [name of copyright owner]"

    Contributor(s):
    If you wish your version of this file to be governed by only the CDDL or
    only the GPL Version 2, indicate your decision by adding "[Contributor]
    elects to include this software in this distribution under the [CDDL or GPL
    Version 2] license."  If you don't indicate a single choice of license, a
    recipient has the option to distribute your version of this file under
    either the CDDL, the GPL Version 2 or to extend the choice of license to
    its licensees as provided above.  However, if you add GPL Version 2 code
    and therefore, elected the GPL Version 2 license, then the option applies
    only if the new code is made subject to such option by the copyright
    holder.

-->

<facelet-taglib xmlns="http://java.sun.com/xml/ns/javaee"
              xmlns:xsi="http://www.w3.org/2001/XMLSchema-instance"
              xsi:schemaLocation="http://java.sun.com/xml/ns/javaee http://java.sun.com/xml/ns/javaee/web-facelettaglibrary_2_0.xsd"
              version="2.0">
    <description><![CDATA[


        </pre>

        <div class="changed_added_2_0">

        <p>Describes the Facelets2 tag library used for declaring and
        defining
        the usage contract for composite UI Components. When authoring a
        composite component, use of this tag library is largely optional,
        though always recommended. Declaring and defining a composite
        component with this taglib provides valuable information about the
        component that can be used by tools and users of the composite
        component. In most cases, a composite component can be authored
        without declaring and defining its usage contract with this taglib.
        PENDING: the limit of what one can do without declaring and defining a
        usage contract must be cleary specified and documented. PENDING: The
        implementation team must help discover these limits.
        </p>

        <h2>Creating a Composite Component</h2>

        <p>The default implementation must support authoring A composite
        component is declared by creating a Facelets2 file inside of a resource
        library. (See section JSF.2.6 of the specification prose document for
        more information about resource libraries.) A composite component
        must reside within a resource library. It is not possible to create a
        composite component without putting it inside of a resource
        library.</p>

        <p>The default XML namespace URI of the taglib that contains the
        composite component, for use in <em>the using page</em>, is
        <code>http://java.sun.com/jsf/composite/&amp;lt;composite-library-name&amp;gt;</code>,
        where <code>&amp;lt;composite-library-name&amp;gt;</code> is
        the name of the
        resource library. For example:</p>

        <pre><code>
        &amp;lt;!DOCTYPE html PUBLIC "-//W3C//DTD XHTML 1.0 Transitional//EN"
        <br />
        "http://www.w3.org/TR/xhtml1/DTD/xhtml1-transitional.dtd"&amp;gt;<br
        />
        &amp;lt;html xmlns="http://www.w3.org/1999/xhtml"<br />
        xmlns:h="http://java.sun.com/jsf/html"<br />
        xmlns:f="http://java.sun.com/jsf/core"<br />
        xmlns:ui="http://java.sun.com/jsf/facelets"<br />
        xmlns:ez="<i>http://java.sun.com/jsf/composite/<b>ezcomp</b></i>"&amp;gt;<br
        />
        ...<br />
        </code></pre>

        <p>This declares that any Facelets2 file in the resource
        library called <code>ezcomp</code> can be used as a regular
        JSF UI
        component in a view with the above namespace declaration by using the
        "<code>ez</code>" prefix. For example, placing a file called
        <code>foo.xhtml</code> in a resource library called <code>ezcomp</code>
        would make that file accessible like this.</p>

        <pre><code>
        &amp;lt;ez:foo /&amp;gt;
        </code></pre>


        <p>The implementation must also support declaring the
        namespace of the tag library in a JSF VDL tag library descriptor.
        This descriptor file is optional and is useful for component vendors
        that do not want to use the default XML namespace. This version of
        the proposal currently uses the facelet taglib descriptor syntax. For
        example: </p>

        <pre><code>
        &amp;lt;facelet-taglib&amp;gt;<br />
        &amp;lt;namespace&amp;gt;http://domain.com/path&amp;lt;/namespace&amp;gt;
        <br />
        &amp;lt;composite-library-name&amp;gt;compositeTest&amp;lt;/composite-library-name&amp;gt;
        <br />
        &amp;lt;/facelet-taglib&amp;gt; <br />
        </code></pre>

        <p>Components from that taglibrary may be used in a using page by
        declaring them in the XML namespace for that view:</p>

        <pre><code>
        &amp;lt;!DOCTYPE html PUBLIC "-//W3C//DTD XHTML 1.0 Transitional//EN"
        <br />
        "http://www.w3.org/TR/xhtml1/DTD/xhtml1-transitional.dtd"&amp;gt;<br
        />
        &amp;lt;html xmlns="http://www.w3.org/1999/xhtml"<br />
        xmlns:h="http://java.sun.com/jsf/html"<br />
        xmlns:f="http://java.sun.com/jsf/core"<br />
        xmlns:ui="http://java.sun.com/jsf/facelets"<br />
        xmlns:ez="<i><b>http://domain.com/path/namespace</b></i>"&amp;gt;<br
        />
        ...<br />
        </code></pre>


        <p><a name="composite_example">Below is an example of a
        fairly
        involved composite component declaration. Such a declaration might
        appear in <code>foo.xhtml</code>.</a></p>

        <div class="syntax"><div class="html4strict"
        style="font-family: monospace;"><ol><li class="li1"><div
        class="de1"><span class="sc2">&amp;lt;<a
        href="interface.html">composite:interface</a> <span
        class="kw3">name</span>=<span class="st0">&amp;quot;foo&amp;quot;</span></div></li>
        <li class="li2"><div class="de2">&amp;nbsp; &amp;nbsp; &amp;nbsp;
        &amp;nbsp; &amp;nbsp; &amp;nbsp; &amp;nbsp; &amp;nbsp; &amp;nbsp; &amp;nbsp;
        &amp;nbsp;displayName=<span class="st0">&amp;quot;Very Simple
        Login Panel&amp;quot;</span></div></li>
        <li class="li1"><div class="de1">&amp;nbsp; &amp;nbsp; &amp;nbsp;
        &amp;nbsp; &amp;nbsp; &amp;nbsp; &amp;nbsp; &amp;nbsp; &amp;nbsp; &amp;nbsp;
        &amp;nbsp;preferred=<span class="st0">&amp;quot;true&amp;quot;</span></div></li>
        <li class="li2"><div class="de2">&amp;nbsp; &amp;nbsp; &amp;nbsp;
        &amp;nbsp; &amp;nbsp; &amp;nbsp; &amp;nbsp; &amp;nbsp; &amp;nbsp; &amp;nbsp;
        &amp;nbsp;expert=<span class="st0">&amp;quot;false&amp;quot;</span></div></li>
        <li class="li1"><div class="de1">&amp;nbsp; &amp;nbsp; &amp;nbsp;
        &amp;nbsp; &amp;nbsp; &amp;nbsp; &amp;nbsp; &amp;nbsp; &amp;nbsp; &amp;nbsp;
        &amp;nbsp;shortDescription=<span class="st0">&amp;quot;An
        illustration of the composite component feature&amp;quot;</span><span
        class="kw2">&amp;gt;</span></span></div></li>
        <li class="li2"><div class="de2">&amp;nbsp; <span
        class="sc2">&amp;lt;<a href="attribute.html">composite:attribute</a>
        <span class="kw3">name</span>=<span class="st0">&amp;quot;model&amp;quot;</span>
        required=<span class="st0">&amp;quot;true&amp;quot;</span><span
        class="kw2">&amp;gt;</span></span></div></li>
        <li class="li1"><div class="de1">&amp;nbsp; &amp;nbsp; <span
        class="sc2">&amp;lt;composite:attribute <span class="kw3">name</span>=<span
        class="st0">&amp;quot;loginAction&amp;quot;</span> required=<span
        class="st0">&amp;quot;true&amp;quot;</span> method-signature=<span
        class="st0">&amp;quot;java.lang.Object action()&amp;quot;</span>/
        <span class="kw2">&amp;gt;</span></span></div></li>
        <li class="li2"><div class="de2">&amp;nbsp; <span
        class="sc2"><span class="kw2">&amp;lt;</span>/composite:attribute&amp;gt;</span></div></li>
        <li class="li1"><div class="de1">&amp;nbsp; <span
        class="sc2">&amp;lt;composite:attribute <span class="kw3">name</span>=<span
        class="st0">&amp;quot;valueChangeListener&amp;quot;</span>
        targets=<span class="st0">&amp;quot;username&amp;quot;</span>
        /<span class="kw2">&amp;gt;</span></span></div></li>
        <li class="li2"><div class="de2">&amp;nbsp; <span
        class="sc2">&amp;lt;composite:attribute <span class="kw3">name</span>=<span
        class="st0">&amp;quot;specialMethodExpression&amp;quot;</span></div></li>
        <li class="li1"><div class="de1">&amp;nbsp; &amp;nbsp; &amp;nbsp;
        &amp;nbsp; &amp;nbsp; &amp;nbsp; &amp;nbsp; &amp;nbsp; &amp;nbsp; &amp;nbsp;
        &amp;nbsp; &amp;nbsp;method-signature=<span class="st0">&amp;quot;com.foo.User
        validateCurrentUser()&amp;quot;</span> /<span class="kw2">&amp;gt;</span></span></div></li>
        <li class="li2"><div class="de2">&amp;nbsp; <span
        class="sc2">&amp;lt;composite:attribute <span class="kw3">name</span>=<span
        class="st0">&amp;quot;loginButtonLabel&amp;quot;</span>
        default=<span class="st0">&amp;quot;Login&amp;quot;</span> /<span
        class="kw2">&amp;gt;</span></span></div></li>
        <li class="li1"><div class="de1">&amp;nbsp; <span
        class="sc2">&amp;lt;<a href="editableValueHolder.html">composite:editableValueHolder</a>
        <span class="kw3">name</span>=<span class="st0">&amp;quot;username&amp;quot;</span>
        /<span class="kw2">&amp;gt;</span></span></div></li>
        <li class="li2"><div class="de2">&amp;nbsp; <span
        class="sc2">&amp;lt;composite:actionSource <span class="kw3">name</span>=<span
        class="st0">&amp;quot;loginEvent&amp;quot;</span> /<span
        class="kw2">&amp;gt;</span></span></div></li>
        <li class="li1"><div class="de1">&amp;nbsp; <span
        class="sc2">&amp;lt;composite:actionSource <span class="kw3">name</span>=<span
        class="st0">&amp;quot;cancelEvent&amp;quot;</span> /<span
        class="kw2">&amp;gt;</span></span></div></li>
        <li class="li2"><div class="de2">&amp;nbsp; <span
        class="sc2">&amp;lt;composite:actionSource <span class="kw3">name</span>=<span
        class="st0">&amp;quot;allEvents&amp;quot;</span> targets=<span
        class="st0">&amp;quot;loginEvent cancelEvent&amp;quot;</span> /<span
        class="kw2">&amp;gt;</span></span></div></li>
        <li class="li1"><div class="de1"><span class="sc2"><span
        class="kw2">&amp;lt;</span>/composite:interface&amp;gt;</span></div></li>
        <li class="li2"><div class="de2"><span class="sc2">&amp;lt;<a
        href="implementation.html">composite:implementation</a> <span
        class="kw2">&amp;gt;</span></span></div></li>
        <li class="li1"><div class="de1">&amp;nbsp;</div></li>
        <li class="li2"><div class="de2">&amp;nbsp; <span
        class="sc2">&amp;lt;ui:decorate template=<span class="st0">&amp;quot;fooTemplate.xhtml&amp;quot;</span><span
        class="kw2">&amp;gt;</span></span></div></li>
        <li class="li1"><div class="de1">&amp;nbsp;</div></li>
        <li class="li2"><div class="de2">&amp;nbsp; &amp;nbsp; <span
        class="sc2">&amp;lt;ui:define <span class="kw3">name</span>=<span
        class="st0">&amp;quot;header&amp;quot;</span><span
        class="kw2">&amp;gt;</span></span></div></li>
        <li class="li1"><div class="de1">&amp;nbsp;</div></li>
        <li class="li2"><div class="de2">&amp;nbsp; &amp;nbsp; &amp;nbsp;
        <span class="sc2"><span class="kw2">&amp;lt;p&amp;gt;</span></span>This
        is the login panel header<span class="sc2"><span class="kw2">&amp;lt;/p&amp;gt;</span></span></div></li>
        <li class="li1"><div class="de1">&amp;nbsp;</div></li>
        <li class="li2"><div class="de2">&amp;nbsp; &amp;nbsp; <span
        class="sc2"><span class="kw2">&amp;lt;</span>/ui:define&amp;gt;</span></div></li>
        <li class="li1"><div class="de1">&amp;nbsp;</div></li>
        <li class="li2"><div class="de2">&amp;nbsp; &amp;nbsp; <span
        class="sc2">&amp;lt;ui:define <span class="kw3">name</span>=<span
        class="st0">&amp;quot;body&amp;quot;</span><span class="kw2">&amp;gt;</span></span></div></li>
        <li class="li1"><div class="de1">&amp;nbsp;</div></li>
        <li class="li2"><div class="de2">&amp;nbsp; &amp;nbsp; &amp;nbsp;
        <span class="sc2"><span class="kw2">&amp;lt;p&amp;gt;</span></span></div></li>
        <li class="li1"><div class="de1">&amp;nbsp;</div></li>
        <li class="li2"><div class="de2">&amp;nbsp; &amp;nbsp; &amp;nbsp;
        &amp;nbsp; &amp;nbsp;<span class="sc2">&amp;lt;h:inputText <span
        class="kw3">id</span>=<span class="st0">&amp;quot;username&amp;quot;</span>
        /<span class="kw2">&amp;gt;</span></span></div></li>
        <li class="li1"><div class="de1">&amp;nbsp;</div></li>
        <li class="li2"><div class="de2">&amp;nbsp; &amp;nbsp; &amp;nbsp;
        <span class="sc2"><span class="kw2">&amp;lt;/p&amp;gt;</span></span></div></li>
        <li class="li1"><div class="de1">&amp;nbsp;</div></li>
        <li class="li2"><div class="de2">&amp;nbsp; &amp;nbsp; &amp;nbsp;
        <span class="sc2"><span class="kw2">&amp;lt;p&amp;gt;</span></span></div></li>
        <li class="li1"><div class="de1">&amp;nbsp;</div></li>
        <li class="li2"><div class="de2">&amp;nbsp; &amp;nbsp; &amp;nbsp;
        &amp;nbsp; <span class="sc2">&amp;lt;h:commandButton <span
        class="kw3">id</span>=<span class="st0">&amp;quot;loginEvent&amp;quot;</span>
        </div></li>
        <li class="li1"><div class="de1">&amp;nbsp; &amp;nbsp; &amp;nbsp;
        &amp;nbsp; &amp;nbsp; &amp;nbsp; &amp;nbsp; &amp;nbsp; &amp;nbsp; &amp;nbsp;
        &amp;nbsp; &amp;nbsp; &amp;nbsp;<span class="kw3">value</span>=<span
        class="st0">&amp;quot;#{cc.attrs.loginButtonLabel}&amp;quot;</span><span
        class="kw2">&amp;gt;</span></span></div></li>
        <li class="li2"><div class="de2">&amp;nbsp;</div></li>
        <li class="li1"><div class="de1">&amp;nbsp; &amp;nbsp; &amp;nbsp;
        &amp;nbsp; <span class="sc2"><span class="kw2">&amp;lt;</span>/h:commandButton&amp;gt;</span></div></li>
        <li class="li2"><div class="de2">&amp;nbsp;</div></li>
        <li class="li1"><div class="de1">&amp;nbsp; &amp;nbsp; &amp;nbsp;
        &amp;nbsp; <span class="sc2">&amp;lt;h:commandButton <span
        class="kw3">id</span>=<span class="st0">&amp;quot;cancelEvent&amp;quot;</span>
        <span class="kw3">value</span>=<span class="st0">&amp;quot;Cancel&amp;quot;</span>
        <span class="kw3">action</span>=<span class="st0">&amp;quot;cancel&amp;quot;</span><span
        class="kw2">&amp;gt;</span></span></div></li>
        <li class="li2"><div class="de2">&amp;nbsp;</div></li>
        <li class="li1"><div class="de1">&amp;nbsp; &amp;nbsp; &amp;nbsp;
        &amp;nbsp; <span class="sc2"><span class="kw2">&amp;lt;</span>/h:commandButton&amp;gt;</span></div></li>
        <li class="li2"><div class="de2">&amp;nbsp;</div></li>
        <li class="li1"><div class="de1">&amp;nbsp; &amp;nbsp; &amp;nbsp;
        &amp;nbsp; <span class="sc2">&amp;lt;special:validateUserButton
        </div></li>
        <li class="li2"><div class="de2">&amp;nbsp; &amp;nbsp; &amp;nbsp;
        &amp;nbsp; &amp;nbsp; validateUser=<span class="st0">&amp;quot;#{cc.attrs.specialMethodExpression}&amp;quot;</span>
        /<span class="kw2">&amp;gt;</span></span></div></li>
        <li class="li1"><div class="de1">&amp;nbsp;</div></li>
        <li class="li2"><div class="de2">&amp;nbsp;</div></li>
        <li class="li1"><div class="de1">&amp;nbsp; &amp;nbsp; &amp;nbsp;
        <span class="sc2"><span class="kw2">&amp;lt;/p&amp;gt;</span></span></div></li>
        <li class="li2"><div class="de2">&amp;nbsp;</div></li>
        <li class="li1"><div class="de1">&amp;nbsp; &amp;nbsp; <span
        class="sc2"><span class="kw2">&amp;lt;</span>/ui:define&amp;gt;</span></div></li>
        <li class="li2"><div class="de2">&amp;nbsp;</div></li>
        <li class="li1"><div class="de1">&amp;nbsp; &amp;nbsp; <span
        class="sc2">&amp;lt;ui:define <span class="kw3">name</span>=<span
        class="st0">&amp;quot;footer&amp;quot;</span><span
        class="kw2">&amp;gt;</span></span></div></li>
        <li class="li2"><div class="de2">&amp;nbsp;</div></li>
        <li class="li1"><div class="de1">&amp;nbsp; &amp;nbsp; &amp;nbsp;<span
        class="sc2"><span class="kw2">&amp;lt;p&amp;gt;</span></span>This
        is the login panel footer<span class="sc2"><span class="kw2">&amp;lt;/p&amp;gt;</span></span></div></li>
        <li class="li2"><div class="de2">&amp;nbsp;</div></li>
        <li class="li1"><div class="de1">&amp;nbsp; &amp;nbsp; <span
        class="sc2"><span class="kw2">&amp;lt;</span>/ui:define&amp;gt;</span></div></li>
        <li class="li2"><div class="de2">&amp;nbsp;</div></li>
        <li class="li1"><div class="de1">&amp;nbsp; <span
        class="sc2"><span class="kw2">&amp;lt;</span>/ui:decorate&amp;gt;</span></div></li>
        <li class="li2"><div class="de2">&amp;nbsp;</div></li>
        <li class="li1"><div class="de1"><span class="sc2"><span
        class="kw2">&amp;lt;</span>/composite:implementation&amp;gt;</span>
        </div></li></ol></div></div>

        <p>The values for attributes in a composite component VDL file can
        be
        fully localized by putting them inside a ResourceBundle in the same
        directory as the VDL view and accessing them with the per-component
        resource bundle syntax. Consider the file <code>foo.xhtml</code>,
        in
        the resource library <code>ezcomp</code>. The
        <code>shortDescription</code> element could be changed to
        be:</p>

        <pre><code>
        &amp;lt;composite:interface
        shortDescription="#{cc.resourceBundleMap.shortDescription}" &amp;gt;
        </code></pre>

        <p>In this case, In the same <code>ezcomp</code>
        directory as
        <code>foo.xhtml</code>, there would be a <code>foo.properties</code>
        file that would contain this entry:</p>

        <pre><code>
        shortDescription=A really nifty login panel.
        </code></pre>

        <p>The normal localization rules for <code>ResourceBundle</code>
        would
        apply.</p>

        </div>


        <pre>


    ]]></description>
    <namespace>http://java.sun.com/jsf/composite</namespace>
    <tag>
        <description><![CDATA[


            <div class="changed_added_2_0">

            <p>This element declares the usage contract for a composite
            component. Optionally, and at the component author's
            discretion, this contract exposes the features of one or
            more inner components to the page author. The page author
            can work with the composite component as a single component
            whose feature set is the union of the features declared in
            the usage contract.</p>

            <p>For example, consider a composite component that
            implements the functionality of a "login panel". Such a
            component would likely have two text fields and one button.
            The user of such a component might like to do one or more of
            the following.</p>

            <ul>

            <li><p>Be able to listen for the <code>ActionEvent</code>
            on the button.</p>

            <p>In this case, a
            <code>&amp;lt;composite:actionSource&amp;gt;</code>
            element is
            included in the usage contract that refers to the inner
            button in the <code>&amp;lt;composite:implementation&amp;gt;</code>
            section.</p>

            </li>

            <li><p>Provide an "action" to invoke when the button is
            pressed.
            </p>

            <p>In this case, a
            <code>&amp;lt;composite:attribute&amp;gt;</code> element
            is included
            in the usage contract that refers to the inner button in the
            <code>&amp;lt;composite:implementation&amp;gt;</code>
            section and
            declares the proper method signature for an "action".</p>

            </li>

            <li><p>Provide parameters to the composite component for
            labels and other rendering specific aspects of the composite
            component.</p>

            <p>In this case, one or more
            <code>&amp;lt;composite:attribute&amp;gt;</code>
            elements are included
            in the usage contract and those parameters are referred to in
            the <code>&amp;lt;composite:implementation&amp;gt;</code>
            section
            using EL expressions like
            <code>#{cc.attrs.usernameLabel}</code>,
            assuming <code>usernameLabel</code> is the <code>name</code>
            of one of the <code>&amp;lt;composite:attribute&amp;gt;</code>
            elements in the usage contract.</p>

            </li>


            <li><p>Add <code>ValueChangeListener</code>s,
            <code>Converter</code>s, or <code>Validator</code>s
            to either
            or both text fields.
            </p>

            <p>In this case, a
            <code>&amp;lt;composite:editableValueHolder&amp;gt;</code>
            element is
            included in the usage contract that refers to the inner text
            field in the <code>&amp;lt;composite:implementation&amp;gt;</code>
            section. In the case of wanting to enable only adding a
            <code>Converter</code> (and not a
            <code>ValueChangeListener</code> or <code>Validator</code>,
            a
            <code>&amp;lt;composite:valueHolder&amp;gt;</code>
            element would be
            used.</p>

            </li>

            <li><p>Add facet children to the login panel.</p>

            <p>In this case, a <code>&amp;lt;composite:facet&amp;gt;</code>
            element is included in the usage contract that refers to the
            inner <code>&amp;lt;composite:renderFacet&amp;gt;</code>
            element in
            the <code>&amp;lt;composite:implementation&amp;gt;</code>
            section.
            </p>

            </li>


            </ul>

            <p>For each of the behaviorial interfaces in Section JSF.3.2
            of
            the specification, there is a tag in the
            <code>composite:</code> library to nest inside of the
            <code>&amp;lt;composite:interface&amp;gt;</code>
            section.
            </p>


            <p>If the <code>&amp;lt;composite:interface&amp;gt;</code>
            section
            is not present in a <em>VDL view</em>, the contract will
            be
            inferred as described in the specification. There must be
            zero or one of these elements in a composite component VDL
            file. If a <code>&amp;lt;composite:interface&amp;gt;</code>
            element
            does appear, there must be an accompanying
            <code>&amp;lt;composite:implementation&amp;gt;</code>
            element in the
            same VDL file. </p>

            <p><b>Nesting of composite components</b></p>

            <p>The implementation must support nesting of composite
            components. Specifically, it must be possible for the
            <code>&amp;lt;composite:implementation&amp;gt;</code>
            section of a
            composite component to act as the <em>using page</em>
            for
            another composite component. When a composite component
            exposes a behavioral interface to the <em>using page</em>,
            such as a <code>&amp;lt;composite:actionSource&amp;gt;</code>,
            <code>&amp;lt;composite:editableValueHolder&amp;gt;</code>,
            <code>&amp;lt;composite:valueHolder&amp;gt;</code> or
            other
            behavioral interface, it must be possible to
            &amp;#8220;propogate&amp;#8221; the exposure of such an interface in
            the case of a nested composite component. The composite
            component author must ensure that the value of the
            <code>name</code> attributes exactly match at all levels
            of
            the nesting to enable this exposure to work. The
            implementation is not required to support
            &amp;#8220;re-mapping&amp;#8221; of names in a nested composite
            component.</p>

            <p>For example, consider this nested composite component.</p>

            <p>Using page</p>

            <div class="syntax"><div class="html4strict"
            style="font-family: monospace;"><ol><li class="li1"><div
            class="de1"><span class="sc2">&amp;lt;ez:actionSourceOuter&amp;gt;</span></div></li>
            <li class="li2"><div class="de2">&amp;nbsp; <span
            class="sc2">&amp;lt;f:actionListener <span class="kw3">for</span>=<span
            class="st0">&amp;quot;button1&amp;quot;</span> /<span
            class="kw2">&amp;gt;</span></span></div></li>
            <li class="li1"><div class="de1"><span class="sc2"><span
            class="kw2">&amp;lt;</span>/ez:actionSourceOuter&amp;gt;</span>
            </div></li></ol></div></div>

            <p>actionSourceOuter.xhtml: Outer composite component</p>

            <div class="syntax"><div class="html4strict"
            style="font-family: monospace;"><ol><li class="li1"><div
            class="de1"><span class="sc2">&amp;lt;composite:interface&amp;gt;</span></div></li>
            <li class="li2"><div class="de2">&amp;nbsp; <span
            class="sc2">&amp;lt;composite:actionSource <span class="kw3">name</span>=<span
            class="st0">&amp;quot;button1&amp;quot;</span> /<span
            class="kw2">&amp;gt;</span></span></div></li>
            <li class="li1"><div class="de1"><span class="sc2"><span
            class="kw2">&amp;lt;</span>/composite:interface&amp;gt;</span></div></li>
            <li class="li2"><div class="de2">&amp;nbsp;</div></li>
            <li class="li1"><div class="de1"><span class="sc2">&amp;lt;composite:implementation&amp;gt;</span></div></li>
            <li class="li2"><div class="de2">&amp;nbsp; <span
            class="sc2">&amp;lt;ez:actionSourceInner /<span class="kw2">&amp;gt;</span></span></div></li>
            <li class="li1"><div class="de1"><span class="sc2"><span
            class="kw2">&amp;lt;</span>/composite:implementation&amp;gt;</span>
            </div></li></ol></div></div>

            <p>actionSourceInner.xhtml: the composite component used
            within a
            composite component.</p>

            <div class="syntax"><div class="html4strict"
            style="font-family: monospace;"><ol><li class="li1"><div
            class="de1"><span class="sc2">&amp;lt;composite:interface&amp;gt;</span></div></li>
            <li class="li2"><div class="de2">&amp;nbsp; <span
            class="sc2">&amp;lt;composite:actionSource <span class="kw3">name</span>=<span
            class="st0">&amp;quot;button1&amp;quot;</span> /<span
            class="kw2">&amp;gt;</span></span></div></li>
            <li class="li1"><div class="de1"><span class="sc2"><span
            class="kw2">&amp;lt;</span>/composite:interface&amp;gt;</span></div></li>
            <li class="li2"><div class="de2">&amp;nbsp;</div></li>
            <li class="li1"><div class="de1"><span class="sc2">&amp;lt;composite:implementation&amp;gt;</span></div></li>
            <li class="li2"><div class="de2">&amp;nbsp; <span
            class="sc2">&amp;lt;h:commandButton <span class="kw3">id</span>=<span
            class="st0">&amp;quot;button1&amp;quot;</span> <span
            class="kw3">value</span>=<span class="st0">&amp;quot;the
            real button&amp;quot;</span> /<span class="kw2">&amp;gt;</span></span></div></li>
            <li class="li1"><div class="de1"><span class="sc2"><span
            class="kw2">&amp;lt;</span>/composite:implementation&amp;gt;</span>
            </div></li></ol></div></div>

            <p>The <code>id</code> of the <code>&amp;lt;h:commandButton&amp;gt;</code>
            on
            line 6 of actionSourceInner.xhtml must match the <code>name</code>
            on
            line 2 of that file (this is a standard requirement for all
            composite
            components, nested or not). That <code>id</code> must
            also match the
            <code>name</code> on line 2 of actionSourceOuter.xhtml,
            and the
            <code>for</code> on line 2 of the using page.</p>

            <p>The implementation must support any level of nesting as
            long as the
            <code>for</code>, <code>name</code>, and
            <code>id</code> values match
            up. Furthermore, the <code>targets</code> attribute is
            also valid for
            use in this nested fashion.</p>

            <p><b>Naming containers within composite components</b></p>

            <p>Composite components are themselves naming containers so
            that any
            possible id conflicts between inner components and components in the
            using page are avoided. However, special care must be taken when
            using
            naming containers in the <code>&amp;lt;composite:implementation&amp;gt;</code>
            section. In such cases the value of the &amp;#8220;name&amp;#8221;
            attribute,
            or the values of the &amp;#8220;targets&amp;#8221; attribute must be
            used with a
            clientId relative to the <em>top level component</em> to
            expose any
            attached object targets to the using page. For example:</p>

            <p>Using page</p>

            <div class="syntax"><div class="html4strict"
            style="font-family: monospace;"><ol><li class="li1"><div
            class="de1"><span class="sc2">&amp;lt;ez:loginButton&amp;gt;</span></div></li>
            <li class="li2"><div class="de2">&amp;nbsp; <span
            class="sc2">&amp;lt;f:actionListener <span class="kw3">for</span>=<span
            class="st0">&amp;quot;button&amp;quot;</span> <span
            class="kw3">binding</span>=<span class="st0">&amp;quot;#{foo.actionListener}&amp;quot;</span>
            /<span class="kw2">&amp;gt;</span></span></div></li>
            <li class="li1"><div class="de1"><span class="sc2"><span
            class="kw2">&amp;lt;</span>/ez:loginButton&amp;gt;</span>
            </div></li></ol></div></div>


            <p>loginButton.xhtml</p>

            <div class="syntax"><div class="html4strict"
            style="font-family: monospace;"><ol><li class="li1"><div
            class="de1"><span class="sc2">&amp;lt;composite:interface&amp;gt;</span></div></li>
            <li class="li2"><div class="de2">&amp;nbsp; <span
            class="sc2">&amp;lt;composite:actionSource <span class="kw3">name</span>=<span
            class="st0">&amp;quot;button&amp;quot;</span> targets=<span
            class="st0">&amp;quot;form:button&amp;quot;</span> /<span
            class="kw2">&amp;gt;</span></span></div></li>
            <li class="li1"><div class="de1"><span class="sc2"><span
            class="kw2">&amp;lt;</span>/composite:interface&amp;gt;</span></div></li>
            <li class="li2"><div class="de2">&amp;nbsp;</div></li>
            <li class="li1"><div class="de1"><span class="sc2">&amp;lt;composite:implementation&amp;gt;</span></div></li>
            <li class="li2"><div class="de2">&amp;nbsp;</div></li>
            <li class="li1"><div class="de1">&amp;nbsp; <span
            class="sc2">&amp;lt;h:form <span class="kw3">id</span>=<span
            class="st0">&amp;quot;form&amp;quot;</span><span
            class="kw2">&amp;gt;</span></span></div></li>
            <li class="li2"><div class="de2">&amp;nbsp; &amp;nbsp;
            <span class="sc2">&amp;lt;h:commandButton <span class="kw3">id</span>=<span
            class="st0">&amp;quot;button&amp;quot;</span> <span
            class="kw3">value</span>=<span class="st0">&amp;quot;Submit&amp;quot;</span>
            /<span class="kw2">&amp;gt;</span></span></div></li>
            <li class="li1"><div class="de1">&amp;nbsp; <span
            class="sc2"><span class="kw2">&amp;lt;</span>/h:form&amp;gt;</span></div></li>
            <li class="li2"><div class="de2"><span class="sc2"><span
            class="kw2">&amp;lt;</span>/composite:implementation&amp;gt;</span>
            </div></li></ol></div></div>

            <p>Because the button on line 8 resides within a form, it must
            be
            referred to using a client id, relative to the <em>top level
            component</em>, in the "targets" attribute on line 2. Using a
            relative
            clientId is required due to the semantics of
            <code>UIComponent.findComponent()</code>.</p>

            </div>

        ]]></description>
        <tag-name>interface</tag-name>
        <handler-class>com.sun.faces.facelets.tag.composite.InterfaceHandler</handler-class>
        <attribute>
            <description><![CDATA[


                <div class="changed_added_2_0">
                <p>The name of this composite component.
                Advisory only. The real name is taken from the
                filename. The value of this attribute will be set as
                the value for this property on the <em>composite
                component bean descriptor</em>.</p></div>

            ]]></description>
            <name>name</name>
            <required>false</required>
            <type>java.lang.String</type>
        </attribute>
        <attribute>
            <description><![CDATA[


                <div class="changed_added_2_0">
                <p>The <code>component-type</code> of the <code>UIComponent</code>
                that
                will serve as the <em>composite component root</em>
                for this composite
                component. The declared <code>component-family</code>
                for this
                component must be <code>javax.faces.NamingContainer</code>.</p></div>

            ]]></description>
            <name>componentType</name>
            <required>false</required>
            <type>java.lang.String</type>
        </attribute>
        <attribute>
            <description><![CDATA[


                <div class="changed_added_2_0">
                <p>The name to display in a tool palette
                containing this component. The value of this attribute will be
                set as
                the value for this property on the <em>composite
                component bean descriptor</em>.</p></div>

            ]]></description>
            <name>displayName</name>
            <required>false</required>
            <type>java.lang.String</type>
        </attribute>
        <attribute>
            <description><![CDATA[


                <div class="changed_added_2_0">
                <p>Is this a "preferred" component. The value
                of this attribute will be set as the value for this
                property on the <em>composite component bean
                descriptor</em>.</p></div>

            ]]></description>
            <name>preferred</name>
            <required>false</required>
            <type>boolean</type>
        </attribute>
        <attribute>
            <description><![CDATA[


                <div class="changed_added_2_0">
                <p>Is this component only for expert users?
                The value of this attribute will be set as the value for
                this property on the <em>composite component bean
                descriptor</em>.</p></div>

            ]]></description>
            <name>expert</name>
            <required>false</required>
            <type>boolean</type>
        </attribute>
        <attribute>
            <description><![CDATA[


                <div class="changed_added_2_0">
                <p>A short description of the purpose of this
                component. The value of this attribute will be set as
                the value for this property on the <em>composite
                component bean descriptor</em>.</p></div>

            ]]></description>
            <name>shortDescription</name>
            <required>false</required>
            <type>java.lang.String</type>
        </attribute>
    </tag>
    <tag>
        <description><![CDATA[

            <div class="changed_added_2_0">
            <p>Defines the implementation of the composite
            component. There must be zero or one of these in a
            composite component markup file. If a
            <code>&amp;lt;composite:interface&amp;gt;</code> element
            appears,
            there must be a corresponding
            <code>&amp;lt;composite-implementation&amp;gt;</code>
            element. If no
            <code>&amp;lt;composite:interface&amp;gt;</code> element
            appears,
            the <code>&amp;lt;composite-implementation&amp;gt;</code>
            element is
            optional. </p> </div>
        ]]></description>
        <tag-name>implementation</tag-name>
        <handler-class>com.sun.faces.facelets.tag.composite.ImplementationHandler</handler-class>
    </tag>
    <tag>
        <description><![CDATA[


            <div class="changed_added_2_0">
            <p>Declares an attribute that may be given to an instance of
            the
            <em>composite component</em> tag for this composite
            component. There
            may be zero or many of these inside of the
            <code>&amp;lt;composite:interface</code>&amp;gt;
            section. This element may be
            nested within other <code>&amp;lt;composite:attribute&amp;gt;</code>
            elements to
            convey a usage contract that includes nested properties.</p>

            <p>Please see <a href="tld-summary.html#composite_example">summary
            page</a> for a usage example.</p>

            <p>The <em>top level component</em> in which this
            element is
            ultimately nested must be a <code>NamingContainer</code>.
            There are certain component properties that must not be
            exposed using this element. The motivation for this
            restriction is that the mapping of markup attributes to
            component properties/attributes does not allow for these
            attributes to be set. The following properties must not be
            exposed using this element.</p>

            <ul>
            <li><p>binding</p></li>
            <li><p>id</p></li>
            <li><p>inView</p></li>
            <li><p>parent</p></li>
            <li><p>rendered</p></li>
            <li><p>rendererType</p></li>
            <li><p>transient</p></li>
            </ul>

            </div>
        ]]></description>
        <tag-name>attribute</tag-name>
        <handler-class>com.sun.faces.facelets.tag.composite.AttributeHandler</handler-class>
        <attribute>
            <description><![CDATA[


                <div class="changed_added_2_0">
                <p>The name of the attribute as it must appear on the <em>composite
                component tag</em> in the <em>using page</em>.
                If the value of the
                <em>name</em> attribute is equal to (without the
                quotes)
                &amp;#8220;action&amp;#8221;, &amp;#8221;actionListener&amp;#8221;,
                &amp;#8220;validator&amp;#8221;, or &amp;#8220;valueChangeListener&amp;#8221;,
                the
                action described in <a target="_"
                href="../../../javadocs/javax/faces/application/ViewHandler.html#retargetMethodExpressions(javax.faces.context.FacesContext,%20javax.faces.component.UIComponent)">ViewHandler.retargetMethodExpressions()</a>
                must be taken to handle the attribute. In these cases, the
                <code>method-signature</code> attribute, if present,
                must be ignored as
                its value is derived as described in
                <code>retargetMethodExpressions()</code>.</div>

            ]]></description>
            <name>name</name>
            <required>true</required>
            <type>java.lang.String</type>
        </attribute>
        <attribute>
            <description><![CDATA[


                <div class="changed_added_2_0">

                <p>If this element has a <code>method-signature</code>
                attribute, the
                value of the <code>targets</code> attribute must be
                interpreted as a
                space (not tab) separated list of client ids (relative to the
                <em>top
                level component</em>) of components within the
                <code>&amp;lt;composite:implementation&amp;gt;</code>
                section. Space is used as
                the delimiter for compatibility with the IDREFS and NMTOKENS
                data types
                from the XML Schema. Each entry in the list must be interpreted
                as the
                id of an inner component to which the <code>MethodExpression</code>
                from
                the <em>composite component tag</em> in the <em>using
                page</em> must be
                applied. If this element has a <code>method-signature</code>
                attribute,
                but no <code>targets</code> attribute, the value of
                the
                <code>name</code> attribute is used as the single
                entry in the list. If
                the value of the <code>name</code> attribute is <strong>not</strong>
                one
                of the special values listed in the description of the <code>name
                attribute</code>, <code>targets</code> (or its
                derived value) need not
                correspond to the id of an inner component.</p>

                </div>

            ]]></description>
            <name>targets</name>
            <required>false</required>
            <type>java.lang.String</type>
        </attribute>
        <attribute>
            <description><![CDATA[


                <div class="changed_added_2_0">
                <p>If this attribute is not required, and a
                value is not supplied by the page author, use this as
                the default value.</p></div>

            ]]></description>
            <name>default</name>
            <required>false</required>
            <type>java.lang.String</type>
        </attribute>
        <attribute>
            <description><![CDATA[


                <div class="changed_added_2_0">
                <p>The name to display in a tool palette
                containing this component. The value of this attribute will be
                set as
                the value for this property on the <em>composite
                component bean descriptor</em>.</p></div>

            ]]></description>
            <name>displayName</name>
            <required>false</required>
            <type>java.lang.String</type>
        </attribute>
        <attribute>
            <description><![CDATA[


                <div class="changed_added_2_0">
                <p>True if the page author must supply a value
                for this attribute.</p></div>

            ]]></description>
            <name>required</name>
            <required>false</required>
            <type>boolean</type>
        </attribute>
        <attribute>
            <description><![CDATA[


                <div class="changed_added_2_0">
                <p>Is this a "preferred" component. The value
                of this attribute will be set as the value for this
                property on the <em>composite component bean
                descriptor</em>.</p></div>

            ]]></description>
            <name>preferred</name>
            <required>false</required>
            <type>boolean</type>
        </attribute>
        <attribute>
            <description><![CDATA[


                <div class="changed_added_2_0">
                <p>Is this component only for expert users?
                The value of this attribute will be set as the value for
                this property on the <em>composite component bean
                descriptor</em>.</p></div>

            ]]></description>
            <name>expert</name>
            <required>false</required>
            <type>boolean</type>
        </attribute>
        <attribute>
            <description><![CDATA[


                <div class="changed_added_2_0">
                <p>A short description of the purpose of this
                component. The value of this attribute will be set as
                the value for this property on the <em>composite
                component bean descriptor</em>.</p></div>

            ]]></description>
            <name>shortDescription</name>
            <required>false</required>
            <type>java.lang.String</type>
        </attribute>
        <attribute>
            <description><![CDATA[


                <div class="changed_added_2_0">
                <p>Declares that this attribute must be a <code>MethodExpression</code>
                whose method signature is described by the value of this
                attribute. The
                signature must be described using fully qualified class names
                wherever a
                type is required. This attribute is mutually exclusive with the
                "type"
                attribute. If both attributes are present, the
                "method-signature"
                attribute is ignored.</p>

                <p>PENDING: when this file is generated from the
                web-facesuicomponent_2_0.xsd, we will not need to copy the
                content here
                manually.</p>

                <p>Provides the signature of the Java method. The syntax
                of
                the method-signature element is as follows (taken from
                function-signature in web-jsptaglibrary_2_1.xsd):</p>

                <p>MethodSignature ::= ReturnType S MethodName S?
                '(' S? Parameters? S? ')'</p>

                <p>ReturnType ::= Type</p>

                <p>MethodName ::= Identifier</p>

                <p>Parameters ::= Parameter
                | ( Parameter S? ',' S? Parameters )</p>

                <p>Parameter ::= Type</p>

                <p>Where:</p>

                <ul>

                <li><p>Type is a basic type or a fully qualified
                Java class name (including package name),
                as per the 'Type' production in the Java
                Language Specification, Second Edition,
                Chapter 18.</p></li>

                <li><p>Identifier is a Java identifier, as per
                the 'Identifier' production in the Java
                Language Specification, Second
                Edition, Chapter 18.</p></li>

                </ul>

                <p>Example:</p>

                <p><code>java.lang.String nickName(
                java.lang.String, int )</code></p>


                </div>

            ]]></description>
            <name>method-signature</name>
            <required>false</required>
            <type>java.lang.String</type>
        </attribute>
        <attribute>
            <description><![CDATA[


                <div class="changed_added_2_0">
                <p>Declares that this attribute must be a <code>ValueExpression</code>
                whose expected type is given by the value of this attribute. If
                not
                specified, and no "method-signature" attribute is present,
                <code>java.lang.Object</code> is assumed. This
                attribute is mutually
                exclusive with the "method-signature" attribute. If both attributes are
                present, the
                "method-signature" attribute is ignored. </p> </div>

            ]]></description>
            <name>type</name>
            <required>false</required>
            <type>java.lang.String</type>
        </attribute>
    </tag>
    <tag>
        <description><![CDATA[


            <div class="changed_added_2_0">

            <p>Declares that this composite component supports a facet
            with the
            name given by the value of the "name" attribute. </p>

            <p>Please see <code>&amp;lt;<a
            href="interface.html">composite:interface</a>&amp;gt;</code>
            for a usage
            example.</p>


            </div>
        ]]></description>
        <tag-name>facet</tag-name>
        <handler-class>com.sun.faces.facelets.tag.composite.DeclareFacetHandler</handler-class>
        <attribute>
            <description><![CDATA[


                <div class="changed_added_2_0">
                <p>The name of the attribute as it must appear
                on the <em>composite component tag</em> in the
                <em>using page</em>.</p></div>

            ]]></description>
            <name>name</name>
            <required>true</required>
            <type>java.lang.String</type>
        </attribute>
        <attribute>
            <description><![CDATA[


                <div class="changed_added_2_0">
                <p>The name to display in a tool palette
                containing this component. The value of this attribute will be
                set as
                the value for this property on the <em>composite
                component bean descriptor</em>.</p></div>

            ]]></description>
            <name>displayName</name>
            <required>false</required>
            <type>java.lang.String</type>
        </attribute>
        <attribute>
            <description><![CDATA[


                <div class="changed_added_2_0">
                <p>True if the page author must supply a facet with this
                name.</p></div>

            ]]></description>
            <name>required</name>
            <required>false</required>
            <type>boolean</type>
        </attribute>
        <attribute>
            <description><![CDATA[


                <div class="changed_added_2_0">
                <p>Is this a "preferred" facet. The value
                of this attribute will be set as the value for this
                property on the <em>composite component bean
                descriptor</em>.</p></div>

            ]]></description>
            <name>preferred</name>
            <required>false</required>
            <type>boolean</type>
        </attribute>
        <attribute>
            <description><![CDATA[


                <div class="changed_added_2_0">
                <p>Is this facet only for expert users?
                The value of this attribute will be set as the value for
                this property on the <em>composite component bean
                descriptor</em>.</p></div>

            ]]></description>
            <name>expert</name>
            <required>false</required>
            <type>boolean</type>
        </attribute>
        <attribute>
            <description><![CDATA[


                <div class="changed_added_2_0">
                <p>A short description of the purpose of this
                facet. The value of this attribute will be set as
                the value for this property on the <em>composite
                component bean descriptor</em>.</p></div>

            ]]></description>
            <name>shortDescription</name>
            <required>false</required>
            <type>java.lang.String</type>
        </attribute>
    </tag>
    <tag>
        <description><![CDATA[


            <div class="changed_added_2_0">

            <p>This element is used in the
            <code>&amp;lt;composite:implementation&amp;gt;</code>
            section. The facet with
            the name equal to the value of the name attribute, given by the page
            author in the using page, will be rendered at this point in the
            composite component VDL view. </p>


            <p>The implementation of this tag handler must insert a
            component with <code>component-type</code>
            <code>javax.faces.Output</code> and <code>renderer-type</code>
            <code>javax.faces.CompositeFacet</code> as a
            child at this point in the component tree.</p>

            <p>The implementation of this tag handler must store an
            attribute into
            the created component's attribute map under the key given by the
            value
            of the symbolic constant <code>UIComponent.FACETS_KEY</code>.
            The value
            for this key must be the evaluated value of the "name" attribute.</p>

            </div>
        ]]></description>
        <tag-name>renderFacet</tag-name>
        <handler-class>com.sun.faces.facelets.tag.composite.RenderFacetHandler</handler-class>
        <attribute>
            <description><![CDATA[


                <div class="changed_added_2_0">
                <p>The value of the name attribute as it must appear on an
                <code>&amp;lt;f:facet&amp;gt;</code> tag nested
                within the <em>composite
                component tag</em> in the <em>using page</em>.</p></div>

            ]]></description>
            <name>name</name>
            <required>true</required>
            <type>java.lang.String</type>
        </attribute>
        <attribute>
            <description><![CDATA[

                <div class="changed_added_2_0">

                <p>If <code>true</code>, and there is no such
                facet present on the top
                level component, a <code>TagException</code> must be
                thrown, containing
                the <code>Location</code>, the facet name, and a
                localized descriptive
                error message.</p>

                </div>

            ]]></description>
            <name>required</name>
            <required>false</required>
            <type>boolean</type>
        </attribute>
    </tag>
    <tag>
        <description><![CDATA[


            <div class="changed_added_2_0">

            <p>This element is used in the
            <code>&amp;lt;composite:implementation&amp;gt;</code>
            section. Any child
            components or template text within the composite component tag in
            the
            using page will be re-parented into the composite component at the
            point
            indicated by this tag's placement within the
            <code>&amp;lt;composite:implementation&amp;gt;</code>
            section. The normal
            use-case for this element is to have only one occurrence within the
            <code>&amp;lt;composite:implementation&amp;gt;</code>
            section. Inserting
            multiple occurrences may cause duplicate id errors. The results are
            undefined if there are multiple occurrences of this element in the
            <code>&amp;lt;composite:implementation&amp;gt;</code>
            section.</p>

            </div>
        ]]></description>
        <tag-name>insertChildren</tag-name>
        <handler-class>com.sun.faces.facelets.tag.composite.InsertChildrenHandler</handler-class>
    </tag>
    <tag>
        <description><![CDATA[


            <div class="changed_added_2_0">
            <p>Declares that the composite component whose
            contract is declared by the
            <code>&amp;lt;composite:interface&amp;gt;</code> in
            which this
            element is nested exposes an implementation of
            <code>ValueHolder</code> suitable for use as the target
            of
            <em>attached objects</em> in <em>the using page</em>.
            Any attached objects suitable for implementations of
            <code>ValueHolder</code> may be attached to the
            composite
            component. Consider this excerpt from <em>the using
            page</em>:
            </p>

            <div class="syntax"><div class="html4strict"
            style="font-family: monospace;"><ol><li class="li1"><div
            class="de1"><span class="sc2">&amp;lt;ez:foo&amp;gt;</span></div></li>
            <li class="li2"><div class="de2">&amp;nbsp; <span
            class="sc2">&amp;lt;f:converter <span class="kw3">for</span>=<span
            class="st0">&amp;quot;userid&amp;quot;</span> binding=<span
            class="st0">&amp;quot;#{bean.converter}&amp;quot;</span> /<span
            class="kw2">&amp;gt;</span></span></div></li>
            <li class="li1"><div class="de1"><span class="sc2"><span
            class="kw2">&amp;lt;</span>/ez:foo&amp;gt;</span>
            </div></li></ol></div></div>

            <p>Line 2 refers to the
            <code>&amp;lt;composite:valueHolder&amp;gt;</code>
            declaration on
            line 2 of <code>foo.xhtml</code>:</p>

            <div class="syntax"><div class="html4strict"
            style="font-family: monospace;"><ol><li class="li1"><div
            class="de1"><span class="sc2">&amp;lt;composite:interface&amp;gt;</span></div></li>
            <li class="li2"><div class="de2">&amp;nbsp; <span
            class="sc2">&amp;lt;composite:valueHolder <span class="kw3">name</span>=<span
            class="st0">&amp;quot;userid&amp;quot;</span> /<span
            class="kw2">&amp;gt;</span></span></div></li>
            <li class="li1"><div class="de1"><span class="sc2"><span
            class="kw2">&amp;lt;</span>/composite:interface&amp;gt;</span></div></li>
            <li class="li2"><div class="de2">&amp;nbsp;</div></li>
            <li class="li1"><div class="de1"><span class="sc2">&amp;lt;composite:implementation&amp;gt;</span></div></li>
            <li class="li2"><div class="de2">&amp;nbsp; <span
            class="sc2">&amp;lt;h:inputText <span class="kw3">id</span>=<span
            class="st0">&amp;quot;userid&amp;quot;</span> /<span
            class="kw2">&amp;gt;</span></span></div></li>
            <li class="li1"><div class="de1"><span class="sc2"><span
            class="kw2">&amp;lt;</span>/composite:implementation&amp;gt;</span>
            </div></li></ol></div></div>

            <p></p>

            <p>It is possible to declare that a single
            <code>&amp;lt;composite:valueHolder&amp;gt;</code>
            element should cause multiple
            components within the <code>&amp;lt;composite:implementation&amp;gt;</code>
            section to be the targets of an <em>attached object</em>
            in the
            using page. Assuming the same <em>using page</em>
            excerpt as
            above, the revised <em>VDL view</em> is:</p>

            <div class="syntax"><div class="html4strict"
            style="font-family: monospace;"><ol><li class="li1"><div
            class="de1"><span class="sc2">&amp;lt;composite:interface&amp;gt;</span></div></li>
            <li class="li2"><div class="de2">&amp;nbsp; <span
            class="sc2">&amp;lt;composite:valueHolder targets=<span
            class="st0">&amp;quot;userid,password&amp;quot;</span> /<span
            class="kw2">&amp;gt;</span></span></div></li>
            <li class="li1"><div class="de1"><span class="sc2"><span
            class="kw2">&amp;lt;</span>/composite:interface&amp;gt;</span></div></li>
            <li class="li2"><div class="de2">&amp;nbsp;</div></li>
            <li class="li1"><div class="de1"><span class="sc2">&amp;lt;composite:implementation&amp;gt;</span></div></li>
            <li class="li2"><div class="de2">&amp;nbsp; <span
            class="sc2">&amp;lt;h:inputText <span class="kw3">id</span>=<span
            class="st0">&amp;quot;userid&amp;quot;</span> /<span
            class="kw2">&amp;gt;</span></span></div></li>
            <li class="li1"><div class="de1">&amp;nbsp; <span
            class="sc2">&amp;lt;h:inputText <span class="kw3">id</span>=<span
            class="st0">&amp;quot;password&amp;quot;</span> /<span
            class="kw2">&amp;gt;</span></span></div></li>
            <li class="li2"><div class="de2"><span class="sc2"><span
            class="kw2">&amp;lt;</span>/composite:implementation&amp;gt;</span>
            </div></li></ol></div></div>

            <p>In this case, the "targets" attribute on the
            <code>&amp;lt;composite:valueHolder&amp;gt;</code>
            element, on line 2 above,
            replaces the "name" attribute in the previous example. "targets" is
            a
            list of ids of client ids (relative to the <em>top level
            component</em>)
            within the <code>&amp;lt;composite:implementation&amp;gt;</code>
            section. In
            this case, "targets" refers to the <code>&amp;lt;h:inputText&amp;gt;</code>
            components on lines 6 and 7 above.</p>

            <p>Please see <code>&amp;lt;<a
            href="interface.html">composite:interface</a>&amp;gt;</code>
            for a usage
            example.</p>

            </div>
        ]]></description>
        <tag-name>valueHolder</tag-name>
        <handler-class>com.sun.faces.facelets.tag.composite.ValueHolderAttachedObjectTargetHandler</handler-class>
        <attribute>
            <description><![CDATA[


                <div class="changed_added_2_0">
                <p>
                The value of this attribute maps back to the "for" attribute on
                an attachable object
                nested within a composite component. If the "targets" attribute
                is not specified,
                this value also represents the component ID of the target
                component within the
                that the <code>&amp;lt;composite:implementation&amp;gt;</code>
                ActionListener should be mapped to.
                </p>
                </div>

            ]]></description>
            <name>name</name>
            <required>true</required>
            <type>java.lang.String</type>
        </attribute>
        <attribute>
            <description><![CDATA[


                <div class="changed_added_2_0">
                <p>If present, this must be a space (not tab) separated
                list of client
                ids (relative to the <em>top level component</em>)
                of components within
                the <code>&amp;lt;composite:implementation&amp;gt;</code>
                section. Space is
                used as the delimiter for compatibility with the IDREFS and
                NMTOKENS
                data types from the XML Schema. </p></div>

            ]]></description>
            <name>targets</name>
            <required>false</required>
            <type>java.lang.String</type>
        </attribute>
    </tag>
    <tag>
        <description><![CDATA[


            <div class="changed_added_2_0">
            <p>Declares that the composite component whose
            contract is declared by the
            <code>&amp;lt;composite:interface&amp;gt;</code> in
            which this
            element is nested exposes an implementation of
            <code>EditableValueHolder</code> suitable for use as the
            target of <em>attached objects</em> in <em>the
            using
            page</em>. Any attached objects suitable for
            implementations of <code>EditableValueHolder</code> may
            be
            attached to the composite component.The example from <a
            href="valueHolder.html"><code>&amp;lt;composite:valueHolder&amp;gt;</code></a>
            still applies.
            </p>

            <p>Please see <code>&amp;lt;<a
            href="interface.html">composite:interface</a>&amp;gt;</code>
            for a usage
            example.</p>

            </div>
        ]]></description>
        <tag-name>editableValueHolder</tag-name>
        <handler-class>com.sun.faces.facelets.tag.composite.EditableValueHolderAttachedObjectTargetHandler</handler-class>
        <attribute>
            <description><![CDATA[


                <div class="changed_added_2_0">
                <p>
                The value of this attribute maps back to the "for" attribute on
                an attachable object
                nested within a composite component. If the "targets" attribute
                is not specified,
                this value also represents the component ID of the target
                component within the
                that the <code>&amp;lt;composite:implementation&amp;gt;</code>
                ActionListener should be mapped to.
                </p>
                </div>

            ]]></description>
            <name>name</name>
            <required>true</required>
            <type>java.lang.String</type>
        </attribute>
        <attribute>
            <description><![CDATA[


                <div class="changed_added_2_0">
                <p>If present, this must be a space (not tab) separated
                list of client
                ids (relative to the <em>top level component</em>)
                of components within
                the <code>&amp;lt;composite:implementation&amp;gt;</code>
                section. Space is
                used as the delimiter for compatibility with the IDREFS and
                NMTOKENS
                data types from the XML Schema.</p></div>

            ]]></description>
            <name>targets</name>
            <required>false</required>
            <type>java.lang.String</type>
        </attribute>
    </tag>
    <tag>
        <description><![CDATA[


            <div class="changed_added_2_0">
            <p>Declares that the composite component whose
            contract is declared by the
            <code>&amp;lt;composite:interface&amp;gt;</code> in
            which this
            element is nested exposes an implementation of
            <code>ActionSource2</code> suitable for use as the
            target of
            <em>attached objects</em> in <em>the using page</em>.
            Any attached objects suitable for implementations of
            <code>ActionSource2</code> may be attached to the
            composite
            component. Consider this excerpt from <em>the using
            page</em>:
            </p>

            <div class="syntax"><div class="html4strict"
            style="font-family: monospace;"><ol><li class="li1"><div
            class="de1"><span class="sc2">&amp;lt;ez:loginPanel <span
            class="kw3">id</span>=<span class="st0">&amp;quot;loginPanel&amp;quot;</span>
            model=<span class="st0">&amp;quot;#{bean}&amp;quot;</span><span
            class="kw2">&amp;gt;</span></span></div></li>
            <li class="li2"><div class="de2">&amp;nbsp; <span
            class="sc2">&amp;lt;f:valueChangeListener <span class="kw3">for</span>=<span
            class="st0">&amp;quot;username&amp;quot;</span></div></li>
            <li class="li1"><div class="de1">&amp;nbsp; &amp;nbsp;
            &amp;nbsp; &amp;nbsp; &amp;nbsp; &amp;nbsp; &amp;nbsp; &amp;nbsp;
            &amp;nbsp; &amp;nbsp; &amp;nbsp; &amp;nbsp;&amp;nbsp; &amp;nbsp;
            &amp;nbsp; binding=<span class="st0">&amp;quot;#{bean.useridValueChangeListener}&amp;quot;</span>
            /<span class="kw2">&amp;gt;</span></span></div></li>
            <li class="li2"><div class="de2">&amp;nbsp; <span
            class="sc2">&amp;lt;f:actionListener <span class="kw3">for</span>=<span
            class="st0">&amp;quot;loginEvent&amp;quot;</span> </div></li>
            <li class="li1"><div class="de1">&amp;nbsp; &amp;nbsp;
            &amp;nbsp; &amp;nbsp; &amp;nbsp; &amp;nbsp; &amp;nbsp; &amp;nbsp;
            &amp;nbsp; &amp;nbsp; binding=<span class="st0">&amp;quot;#{bean.loginEventListener}&amp;quot;</span>
            /<span class="kw2">&amp;gt;</span></span></div></li>
            <li class="li2"><div class="de2">&amp;nbsp;</div></li>
            <li class="li1"><div class="de1">&amp;nbsp; <span
            class="sc2">&amp;lt;f:actionListener <span class="kw3">for</span>=<span
            class="st0">&amp;quot;cancelEvent&amp;quot;</span> </div></li>
            <li class="li2"><div class="de2">&amp;nbsp; &amp;nbsp;
            &amp;nbsp; &amp;nbsp; &amp;nbsp; &amp;nbsp; &amp;nbsp; &amp;nbsp;
            &amp;nbsp; &amp;nbsp; binding=<span class="st0">&amp;quot;#{bean.cancelEventListener}&amp;quot;</span>
            /<span class="kw2">&amp;gt;</span></span></div></li>
            <li class="li1"><div class="de1">&amp;nbsp;</div></li>
            <li class="li2"><div class="de2">&amp;nbsp; <span
            class="sc2">&amp;lt;f:actionListener <span class="kw3">for</span>=<span
            class="st0">&amp;quot;allEvents&amp;quot;</span> </div></li>
            <li class="li1"><div class="de1">&amp;nbsp; &amp;nbsp;
            &amp;nbsp; &amp;nbsp; &amp;nbsp; &amp;nbsp; &amp;nbsp; &amp;nbsp;
            &amp;nbsp; &amp;nbsp; binding=<span class="st0">&amp;quot;#{bean.allEventsListener}&amp;quot;</span>
            /<span class="kw2">&amp;gt;</span></span></div></li>
            <li class="li2"><div class="de2">&amp;nbsp;</div></li>
            <li class="li1"><div class="de1"><span class="sc2"><span
            class="kw2">&amp;lt;</span>/ez:loginPanel&amp;gt;</span>
            </div></li></ol></div></div>

            <p>The <code>&amp;lt;f:actionListener&amp;gt;</code>
            elements on lines 4, 7, and 10
            refer to the <em>attached objects</em> declared on lines
            2, 3 and 4 below.</p>

            <div class="syntax"><div class="html4strict"
            style="font-family: monospace;"><ol><li class="li1"><div
            class="de1"><span class="sc2">&amp;lt;composite:interface
            <span class="kw3">name</span>=<span class="st0">&amp;quot;loginPanel&amp;quot;</span><span
            class="kw2">&amp;gt;</span></span></div></li>
            <li class="li2"><div class="de2">&amp;nbsp; <span
            class="sc2">&amp;lt;composite:actionSource <span class="kw3">name</span>=<span
            class="st0">&amp;quot;loginEvent&amp;quot;</span> /<span
            class="kw2">&amp;gt;</span></span></div></li>
            <li class="li1"><div class="de1">&amp;nbsp; <span
            class="sc2">&amp;lt;composite:actionSource <span class="kw3">name</span>=<span
            class="st0">&amp;quot;cancelEvent&amp;quot;</span> /<span
            class="kw2">&amp;gt;</span></span></div></li>
            <li class="li2"><div class="de2">&amp;nbsp; <span
            class="sc2">&amp;lt;composite:actionSource <span class="kw3">name</span>=<span
            class="st0">&amp;quot;allEvents&amp;quot;</span> targets=<span
            class="st0">&amp;quot;loginEvent cancelEvent&amp;quot;</span>
            /<span class="kw2">&amp;gt;</span></span></div></li>
            <li class="li1"><div class="de1"><span class="sc2"><span
            class="kw2">&amp;lt;</span>/composite:interface&amp;gt;</span>
            </div></li></ol></div></div>

            <p>Most of the concepts from example content from <a
            href="valueHolder.html"><code>&amp;lt;composite:valueHolder&amp;gt;</code></a>
            also applies in the case of
            <code>&amp;lt;composite:actionSource&amp;gt;</code>.</p>

            <p>Please see <code>&amp;lt;<a
            href="interface.html">composite:interface</a>&amp;gt;</code>
            for a usage
            example.</p>


            </div>
        ]]></description>
        <tag-name>actionSource</tag-name>
        <handler-class>com.sun.faces.facelets.tag.composite.ActionSource2AttachedObjectTargetHandler</handler-class>
        <attribute>
            <description><![CDATA[


                <div class="changed_added_2_0">
                <p>
                The value of this attribute maps back to the "for" attribute on
                an attachable object
                nested within a composite component. If the "targets" attribute
                is not specified,
                this value also represents the component ID of the target
                component within the
                that the <code>&amp;lt;composite:implementation&amp;gt;</code>
                ActionListener should be mapped to.
                </p>
                </div>

            ]]></description>
            <name>name</name>
            <required>true</required>
            <type>java.lang.String</type>
        </attribute>
        <attribute>
            <description><![CDATA[


                <div class="changed_added_2_0">
                <p>If present, this must be a space (not tab) separated
                list of client
                ids (relative to the <em>top level component</em>)
                of components within
                the <code>&amp;lt;composite:implementation&amp;gt;</code>
                section. Space is
                used as the delimiter for compatibility with the IDREFS and
                NMTOKENS
                data types from the XML Schema.</p></div>

            ]]></description>
            <name>targets</name>
            <required>false</required>
            <type>java.lang.String</type>
        </attribute>
    </tag>
    <tag>
        <description><![CDATA[


            <div class="changed_added_2_0">
            <p>Used within a <code>&amp;lt;composite:interface&amp;gt;</code>
            section,
            within any sub-element of that section, to include XML content not
            defined by this specification. This element can be used to
            incorporate
            <a target="_" href="http://jcp.org/en/jsr/detail?id=276">JSR-276</a>
            metadata into a composite component.</p>

            </div>
        ]]></description>
        <tag-name>extension</tag-name>
        <handler-class>com.sun.faces.facelets.tag.composite.ExtensionHandler</handler-class>
    </tag>
    <tag>
        <description><![CDATA[

            <div class="changed_added_2_0">

            <p>The presence of this tag in a
            <code>&amp;lt;composite:implementation&amp;gt;</code>
            section must cause the
            named facet to be taken from the facet map of the <em>top
            level
            component</em> and inserted as a facet child of the component
            in which
            this element is nested.</p>

            </div>

        ]]></description>
        <tag-name>insertFacet</tag-name>
        <handler-class>com.sun.faces.facelets.tag.composite.InsertFacetHandler</handler-class>
        <attribute>
            <description><![CDATA[

                <div class="changed_added_2_0">

                <p>The name of the facet child on the <em>top level
                component</em> which
                must be inserted as a facet child of the component in which this
                element
                is nested.</p>

                </div>

            ]]></description>
            <name>name</name>
            <required>true</required>
            <type>java.lang.String</type>
        </attribute>
        <attribute>
            <description><![CDATA[

                <div class="changed_added_2_0">

                <p>If <code>true</code>, and there is no such
                facet present on the top
                level component, a <code>TagException</code> must be
                thrown, containing
                the <code>Location</code>, the facet name, and a
                localized descriptive
                error message.</p>

                </div>

            ]]></description>
            <name>required</name>
            <required>false</required>
            <type>boolean</type>
        </attribute>
    </tag>
</facelet-taglib>
