<?xml version="1.0"?>
<faces-config version="1.2"
              xmlns="http://java.sun.com/xml/ns/javaee"
              xmlns:xsi="http://www.w3.org/2001/XMLSchema-instance"
              xsi:schemaLocation="http://java.sun.com/xml/ns/javaee http://java.sun.com/xml/ns/javaee/web-facesconfig_1_2.xsd">

    <component>
        <component-type>org.jboss.seam.mail.ui.UIMessage</component-type>
        <component-class>org.jboss.seam.mail.ui.UIMessage</component-class>
    </component>
    <component>
        <component-type>org.jboss.seam.mail.ui.UIBcc</component-type>
        <component-class>org.jboss.seam.mail.ui.UIBcc</component-class>
    </component>
    <component>
        <component-type>org.jboss.seam.mail.ui.UITo</component-type>
        <component-class>org.jboss.seam.mail.ui.UITo</component-class>
    </component>
    <component>
        <component-type>org.jboss.seam.mail.ui.UICc</component-type>
        <component-class>org.jboss.seam.mail.ui.UICc</component-class>
    </component>
    <component>
        <component-type>org.jboss.seam.mail.ui.UIFrom</component-type>
        <component-class>org.jboss.seam.mail.ui.UIFrom</component-class>
    </component>
    <component>
        <component-type>org.jboss.seam.mail.ui.UIBody</component-type>
        <component-class>org.jboss.seam.mail.ui.UIBody</component-class>
    </component>
    <component>
        <component-type>org.jboss.seam.mail.ui.UISubject</component-type>
        <component-class>org.jboss.seam.mail.ui.UISubject</component-class>
    </component>
    <component>
        <component-type>org.jboss.seam.mail.ui.UIReplyTo</component-type>
        <component-class>org.jboss.seam.mail.ui.UIReplyTo</component-class>
    </component>
    <component>
        <component-type>org.jboss.seam.mail.ui.UIHeader</component-type>
        <component-class>org.jboss.seam.mail.ui.UIHeader</component-class>
    </component>
     <component>
        <component-type>org.jboss.seam.mail.ui.UIAttachment</component-type>
        <component-class>org.jboss.seam.mail.ui.UIAttachment</component-class>
    </component>
</faces-config>