<?xml version="1.0" encoding="UTF-8"?>

<!DOCTYPE datasources
    PUBLIC "-//JBoss//DTD JBOSS JCA Config 1.5//EN"
    "http://www.jboss.org/j2ee/dtd/jboss-ds_1_5.dtd">
    
<datasources>
   
   <local-tx-datasource>
      <jndi-name>seamPortletDatasource</jndi-name>
      <connection-url>jdbc:hsqldb:.</connection-url>
      <driver-class>org.hsqldb.jdbcDriver</driver-class>
      <user-name>sa</user-name>
      <password></password>
<!-- 
      <exception-sorter-class-name>
         org.jboss.resource.adapter.jdbc.vendor.MySQLExceptionSorter
      </exception-sorter-class-name>
      <metadata>
         <type-mapping>mySQL</type-mapping>
      </metadata>
-->
   </local-tx-datasource>
    
</datasources>

