<?xml version="1.0" encoding="UTF-8"?>
<components xmlns="http://jboss.com/products/seam/components"
            xmlns:xsi="http://www.w3.org/2001/XMLSchema-instance"
            xsi:schemaLocation="http://jboss.com/products/seam/components http://jboss.com/products/seam/components-2.0.xsd">

  <import>org.jboss.seam.core</import>
  <import>org.jboss.seam.transaction</import>
  <import>org.jboss.seam.framework</import>
  <import>org.jboss.seam.web</import>
  <import>org.jboss.seam.faces</import>
  <import>org.jboss.seam.international</import>
  <import>org.jboss.seam.theme</import>
  <import>org.jboss.seam.pageflow</import>
  <import>org.jboss.seam.bpm</import>
  <import>org.jboss.seam.jms</import>
  <import>org.jboss.seam.mail</import>
  <import>org.jboss.seam.security</import>
  <import>org.jboss.seam.captcha</import>
  
</components>
