<?xml version="1.0"?>
<faces-config version="1.2" 
              xmlns="http://java.sun.com/xml/ns/javaee"
              xmlns:xsi="http://www.w3.org/2001/XMLSchema-instance" 
              xsi:schemaLocation="http://java.sun.com/xml/ns/javaee http://java.sun.com/xml/ns/javaee/web-facesconfig_1_2.xsd">

   <factory>
      <application-factory>org.jboss.seam.jsf.SeamApplicationFactory</application-factory>
   </factory>

   <application>
      <navigation-handler>org.jboss.seam.jsf.SeamNavigationHandler</navigation-handler>
      <view-handler>org.jboss.seam.jsf.SeamViewHandler</view-handler>
      <state-manager>org.jboss.seam.jsf.SeamStateManager</state-manager>
      <el-resolver>org.jboss.seam.el.SeamELResolver</el-resolver>
      <message-bundle>org.jboss.seam.core.SeamResourceBundle</message-bundle>
   </application>
  
   <lifecycle>
      <phase-listener>org.jboss.seam.jsf.SeamPhaseListener</phase-listener>
   </lifecycle>
    
</faces-config>
