<?xml version='1.0' encoding='UTF-8'?>

<!DOCTYPE faces-config PUBLIC
        "-//Sun Microsystems, Inc.//DTD JavaServer Faces Config 1.1//EN"
        "http://java.sun.com/dtd/web-facesconfig_1_1.dtd">

<faces-config>

   <application>
      <view-handler>
			org.jboss.portletbridge.application.PortletViewHandler
		</view-handler>
		<state-manager>org.jboss.portletbridge.application.PortletStateManager</state-manager>
   </application>

    <managed-bean>
        <managed-bean-name>inventoryList</managed-bean-name>
        <managed-bean-class>${package}.DemoInventoryList</managed-bean-class>
        <managed-bean-scope>session</managed-bean-scope>
    </managed-bean>

    <managed-bean>
        <managed-bean-name>myBean</managed-bean-name>
        <managed-bean-class>${package}.MyBean</managed-bean-class>
        <managed-bean-scope>session</managed-bean-scope>
    </managed-bean>

    <lifecycle>
    <phase-listener>${package}.DemoListener</phase-listener>
    </lifecycle>

    <navigation-rule>
        <navigation-case>
            <from-action>inventoryList</from-action>
            <to-view-id>/inventory/inventoryList.xhtml</to-view-id>
        </navigation-case>
        <navigation-case>
            <from-action>panelGrid</from-action>
            <to-view-id>/panelGrid/demo.xhtml</to-view-id>
        </navigation-case>
        <navigation-case>
            <from-action>phaseListener</from-action>
            <to-view-id>/phase/listener.xhtml</to-view-id>
        </navigation-case>
        <navigation-case>
            <from-action>signupForm</from-action>
            <to-view-id>/signup/form.xhtml</to-view-id>
        </navigation-case>
       <navigation-case>
            <from-action>forumtest</from-action>
            <to-view-id>/test/test-client.xhtml</to-view-id>
        </navigation-case>
    </navigation-rule>

</faces-config>
