<?xml version="1.0" encoding="UTF-8"?>
<deployments>
   <deployment>
      <parent-ref>default</parent-ref>
      <if-exists>overwrite</if-exists>
      <page>
         <page-name>JSFRIPortlet</page-name>
         <window>
            <window-name>otherRIportletWindow</window-name>
            <instance-ref>RIPortletInstance</instance-ref>
            <region>center</region>
            <height>0</height>
            <initial-window-state>maximized</initial-window-state>
            <properties>
               <property>
                  <name>theme.renderSetId</name>
                  <value>emptyRenderer</value>
               </property>
            </properties>
         </window>
      </page>
   </deployment>
</deployments>
