<?xml version="1.0" encoding="UTF-8"?>
<pages xmlns="http://jboss.com/products/seam/pages"
       xmlns:xsi="http://www.w3.org/2001/XMLSchema-instance"
       xsi:schemaLocation="http://jboss.com/products/seam/pages http://jboss.com/products/seam/pages-2.0.xsd"
	   no-conversation-view-id="/main.xhtml"
       login-view-id="/home.xhtml">
       <!--
no-conversation-view-id="/main.xhtml"
    -->
    <page view-id="/register.xhtml">
    
        <action if="#{validation.failed}"
           execute="#{register.invalid}"/>
    
        <navigation>
            <rule if="#{register.registered}">
                <render view-id="/home.xhtml"/>
            </rule>
        </navigation>
        
    </page>

    <page view-id="/home.xhtml">
    	<action execute="#{identity.login}" if="#{identity.loggedIn}"/>
        <navigation from-action="#{identity.login}">
            <render  view-id="/main.xhtml"/>
        </navigation>
        <navigation>
            <rule if="#{identity.loggedIn}">
                <render view-id="/main.xhtml"/>
            </rule>
        </navigation>
        
    </page>
    
    <page view-id="/password.xhtml"
          login-required="true">
    
        <navigation>
            <rule if="#{changePassword.changed}">
                <render view-id="/main.xhtml"/>
            </rule>
        </navigation>
        
    </page>

    <page view-id="/main.xhtml" 
          login-required="true">
    
        <navigation from-action="#{hotelBooking.selectHotel(hot)}">
            <render view-id="/hotel.xhtml"/>
        </navigation>
        
        <navigation from-action="#{bookingList.cancel}">
            <render/>
        </navigation>
        
    </page>
    
	<page view-id="/hotel.xhtml" 
	      conversation-required="true" 
	      login-required="true">
          
        <description>View hotel: #{hotel.name}</description>
        
        <navigation from-action="#{hotelBooking.bookHotel}">
            <render view-id="/book.xhtml"/>
        </navigation>
        
    </page>

	<page view-id="/book.xhtml" 
	      conversation-required="true" 
	      login-required="true">
          
        <description>Book hotel: #{hotel.name}</description>
        
        <navigation from-action="#{hotelBooking.setBookingDetails}">
            <rule if="#{hotelBooking.bookingValid}">
                <render view-id="/confirm.xhtml"/>
            </rule>
        </navigation>
        
    </page>

	<page view-id="/confirm.xhtml" 
	      conversation-required="true" 
	      login-required="true">
          
        <description>Confirm booking: #{booking.description}</description>
        
        <navigation from-action="#{hotelBooking.confirm}">
            <render view-id="/main.xhtml"/>
        </navigation>
        
    </page>
    
    <page view-id="*">
    
        <navigation from-action="#{identity.logout}">
            <render view-id="/home.xhtml"/>
        </navigation>

        <navigation from-action="#{hotelBooking.cancel}">
            <render view-id="/main.xhtml"/>
        </navigation>
        
    </page>
    
    <exception class="org.jboss.seam.security.NotLoggedInException">
        <redirect view-id="/home.xhtml">
            <message severity="warn">You must be logged in to use this feature</message>
        </redirect>
    </exception>

   <exception>
        <render view-id="/home.xhtml" />
    </exception>

</pages>
