<?xml version="1.0" encoding="UTF-8"?>
<!DOCTYPE book PUBLIC "-//OASIS//DTD DocBook XML V4.3CR3//EN"
      "../../support/docbook-dtd/docbookx.dtd" [
      <!ENTITY overview SYSTEM "modules/overview.xml">
      <!ENTITY gettingstarted SYSTEM "modules/gettingstarted.xml">
      <!ENTITY configuration SYSTEM "modules/configuration.xml">
      <!ENTITY portletdevelopment SYSTEM "modules/portlet_development.xml">
      ]>
<book lang="en">
   <bookinfo>
        <title>JBoss Portlet Bridge</title>
        <subtitle>Reference Guide</subtitle>
        <releaseinfo>Release 1.0.0.CR2</releaseinfo>
   <author>
      <firstname>Wesley</firstname>
      <surname>Hales</surname>
      <email>whales@redhat.com</email>
   </author>
   </bookinfo>
   <toc/>

   &overview;
   &gettingstarted;
   &configuration;
   &portletdevelopment;
</book>
