<?xml version="1.0"?>
<!DOCTYPE faces-config PUBLIC
        "-//Sun Microsystems, Inc.//DTD JavaServer Faces Config 1.1//EN"
        "http://java.sun.com/dtd/web-facesconfig_1_1.dtd">


<faces-config>
   <application>
      <view-handler>
         org.jboss.portletbridge.application.PortletViewHandler
      </view-handler>
      <state-manager>org.jboss.portletbridge.application.PortletStateManager</state-manager>
   </application>

   <!-- queue.xhtml -->
   <managed-bean>
      <managed-bean-name>bean</managed-bean-name>
      <managed-bean-class>org.jboss.portletbridge.test.Bean</managed-bean-class>
      <managed-bean-scope>request</managed-bean-scope>
      <managed-property>
         <property-name>text</property-name>
         <property-class>java.lang.String</property-class>
         <null-value/>
      </managed-property>
   </managed-bean>

   <navigation-rule>
      <navigation-case>
         <from-action>home</from-action>
         <to-view-id>/home/home.xhtml</to-view-id>
      </navigation-case>
      <navigation-case>
         <from-action>testAjaxLink</from-action>
         <to-view-id>/testAjaxLink.xhtml</to-view-id>
      </navigation-case>
      <navigation-case>
         <from-action>homeHelp</from-action>
         <to-view-id>/home/home-help.xhtml</to-view-id>
      </navigation-case>
      <navigation-case>
         <from-action>homeHelp1</from-action>
         <to-view-id>/home/help/help1.xhtml</to-view-id>
      </navigation-case>
      <navigation-case>
         <from-action>homeHelp2</from-action>
         <to-view-id>/home/help/help2.xhtml</to-view-id>
      </navigation-case>
   </navigation-rule>

</faces-config>