<?xml version="1.0" encoding="UTF-8"?>
<deployments>
   <deployment>
      <parent-ref>default</parent-ref>
      <if-exists>overwrite</if-exists>
      <page>
         <page-name>JSFIntegrationTestPortlet</page-name>
         <window>
            <window-name>TestWindow</window-name>
            <instance-ref>IntegrationTestPortletInstance</instance-ref>
            <region>center</region>
            <height>0</height>
            <initial-window-state>normal</initial-window-state>
         </window>
      </page>
   </deployment>
</deployments>
