<?xml version="1.0" encoding="UTF-8"?>
<deployments>
  <deployment>
     <parent-ref>default</parent-ref>
     <if-exists>overwrite</if-exists>
     <page>
  	<page-name>RichFacesDemo</page-name>
        <window>
            <window-name>AjaxportletWindow</window-name>
            <instance-ref>RichFacesPortletInstance</instance-ref>
            <region>center</region>
            <height>0</height>
            <initial-window-state>maximized</initial-window-state>
      </window>
    </page>
  </deployment>

 </deployments>
