<?xml version="1.0" encoding="UTF-8"?>
<web-app version="2.5" xmlns="http://java.sun.com/xml/ns/javaee"
 xmlns:xsi="http://www.w3.org/2001/XMLSchema-instance" xsi:schemaLocation="http://java.sun.com/xml/ns/javaee http://java.sun.com/xml/ns/javaee/web-app_2_5.xsd">
 <description>Seam Booking Example</description>
 <display-name>portalBookingDemo</display-name>
 <context-param>
  <param-name>org.jboss.portletbridge.ExceptionHandler</param-name>
  <param-value>org.jboss.portletbridge.SeamExceptionHandlerImpl</param-value>
 </context-param>
 <context-param>
  <param-name>javax.portlet.faces.renderPolicy</param-name>
  <param-value>ALWAYS_DELEGATE</param-value>
 </context-param>
 <context-param>
  <param-name>org.ajax4jsf.RESOURCE_URI_PREFIX</param-name>
  <param-value>rfRes</param-value>
 </context-param>
 <context-param>
  <param-name>org.richfaces.LoadStyleStrategy</param-name>
  <param-value>DEFAULT</param-value>
 </context-param>
 <context-param>
  <param-name>org.richfaces.LoadScriptStrategy</param-name>
  <param-value>DEFAULT</param-value>
 </context-param>
 <context-param>
  <param-name>org.ajax4jsf.COMPRESS_SCRIPT</param-name>
  <param-value>true</param-value>
 </context-param>
 <context-param>
  <param-name>javax.faces.DEFAULT_SUFFIX</param-name>
  <param-value>.xhtml</param-value>
 </context-param>
 <context-param>
  <param-name>facelets.DEVELOPMENT</param-name>
  <param-value>false</param-value>
 </context-param>
 <filter>
  <filter-name>Seam Filter</filter-name>
  <filter-class>org.jboss.seam.servlet.SeamFilter</filter-class>
 </filter>
 <filter-mapping>
  <filter-name>Seam Filter</filter-name>
  <servlet-name>Faces Servlet</servlet-name>
  <dispatcher>FORWARD</dispatcher>
  <dispatcher>REQUEST</dispatcher>
  <dispatcher>INCLUDE</dispatcher>
  <dispatcher>ERROR</dispatcher>
 </filter-mapping>
 <listener>
  <listener-class>org.jboss.seam.servlet.SeamListener</listener-class>
 </listener>
 <listener>
  <listener-class>com.liferay.portal.kernel.servlet.PortletContextListener</listener-class>
 </listener>
 <servlet>
  <servlet-name>Seam Resource Servlet</servlet-name>
  <servlet-class>org.jboss.seam.servlet.SeamResourceServlet</servlet-class>
 </servlet>
 <servlet>
  <servlet-name>Faces Servlet</servlet-name>
  <servlet-class>javax.faces.webapp.FacesServlet</servlet-class>
  <load-on-startup>1</load-on-startup>
 </servlet>
 <!-- The follow part is added when develop and deploy the Liferay portlet in JBoss Studio -->
 <servlet>
  <servlet-name>portalBookingDemo</servlet-name>
  <servlet-class>com.liferay.portal.kernel.servlet.PortletServlet</servlet-class>
  <init-param>
   <param-name>portlet-class</param-name>
   <param-value>javax.portlet.faces.GenericFacesPortlet</param-value>
  </init-param>
  <load-on-startup>0</load-on-startup>
 </servlet>
 <servlet-mapping>
  <servlet-name>Seam Resource Servlet</servlet-name>
  <url-pattern>/seam/resource/*</url-pattern>
 </servlet-mapping>
 <servlet-mapping>
  <servlet-name>Faces Servlet</servlet-name>
  <url-pattern>*.seam</url-pattern>
 </servlet-mapping>
 <servlet-mapping>
  <servlet-name>portalBookingDemo</servlet-name>
  <url-pattern>/portalBookingDemo/*</url-pattern>
 </servlet-mapping>
 <servlet-mapping>
  <servlet-name>portalBookingDemo</servlet-name>
  <url-pattern>/seamBookingPortlet/*</url-pattern>
 </servlet-mapping>
 <session-config>
  <session-timeout>60</session-timeout>
 </session-config>
 <login-config>
  <auth-method>BASIC</auth-method>
 </login-config>
</web-app>
