<archetype>  <id>richfaces-basic</id>  <sources>    <source>src/main/java/EchoBean.java</source>  </sources>   <resources>      <resource>pom.xml</resource>      <resource filtered="false">README.txt</resource>      <resource filtered="false">src/main/webapp/pages/echo.xhtml</resource>      <resource>src/main/webapp/WEB-INF/faces-config.xml</resource>      <resource>src/main/webapp/WEB-INF/web.xml</resource>      <resource>src/main/webapp/WEB-INF/jboss-app.xml</resource>      <resource>src/main/webapp/WEB-INF/jboss-portlet.xml</resource>      <resource>src/main/webapp/WEB-INF/portlet-instances.xml</resource>      <resource>src/main/webapp/WEB-INF/portlet.xml</resource>      <resource>src/main/webapp/WEB-INF/richfacesecho-object.xml</resource>    </resources></archetype>