<?xml version="1.0"?>
<!--

    DO NOT ALTER OR REMOVE COPYRIGHT NOTICES OR THIS HEADER.

    Copyright (c) 1997-2010 Oracle and/or its affiliates. All rights reserved.

    The contents of this file are subject to the terms of either the GNU
    General Public License Version 2 only ("GPL") or the Common Development
    and Distribution License("CDDL") (collectively, the "License").  You
    may not use this file except in compliance with the License.  You can
    obtain a copy of the License at
    https://glassfish.dev.java.net/public/CDDL+GPL_1_1.html
    or packager/legal/LICENSE.txt.  See the License for the specific
    language governing permissions and limitations under the License.

    When distributing the software, include this License Header Notice in each
    file and include the License file at packager/legal/LICENSE.txt.

    GPL Classpath Exception:
    Oracle designates this particular file as subject to the "Classpath"
    exception as provided by Oracle in the GPL Version 2 section of the License
    file that accompanied this code.

    Modifications:
    If applicable, add the following below the License Header, with the fields
    enclosed by brackets [] replaced by your own identifying information:
    "Portions Copyright [year] [name of copyright owner]"

    Contributor(s):
    If you wish your version of this file to be governed by only the CDDL or
    only the GPL Version 2, indicate your decision by adding "[Contributor]
    elects to include this software in this distribution under the [CDDL or GPL
    Version 2] license."  If you don't indicate a single choice of license, a
    recipient has the option to distribute your version of this file under
    either the CDDL, the GPL Version 2 or to extend the choice of license to
    its licensees as provided above.  However, if you add GPL Version 2 code
    and therefore, elected the GPL Version 2 license, then the option applies
    only if the new code is made subject to such option by the copyright
    holder.

-->

<!--
 The contents of this file are subject to the terms 
 of the Common Development and Distribution License 
 (the "License").  You may not use this file except 
 in compliance with the License.
 
 You can obtain a copy of the license at 
 glassfish/bootstrap/legal/CDDLv1.0.txt or 
 https://glassfish.dev.java.net/public/CDDLv1.0.html. 
 See the License for the specific language governing 
 permissions and limitations under the License.
 
 When distributing Covered Code, include this CDDL 
 HEADER in each file and include the License file at 
 glassfish/bootstrap/legal/CDDLv1.0.txt.  If applicable, 
 add the following below this CDDL HEADER, with the 
 fields enclosed by brackets "[]" replaced with your 
 own identifying information: Portions Copyright [yyyy] 
 [name of copyright owner]
-->


<project default="jsf-impl:build"
    xmlns:maven="jelly:maven"
    xmlns:j="jelly:core"
    xmlns:define="jelly:define"
    xmlns:util="jelly:util"
    xmlns:ant="jelly:ant">

  <property file="${user.home}/build.properties"/>
  <property file="../build.properties"/>

  <goal name="jsf-impl:build">

    <ant:ant target="main">
    </ant:ant>
  </goal>

  <goal name="jsf-impl:clean">

    <ant:ant target="clean">
    </ant:ant>
    <delete dir="target" />
  </goal>

  <goal name="java:compile">
    <!-- <attainGoal name="jsf-impl:build" /> -->
    <mkdir dir="target/classes" />
    <unjar dest="target/classes" overwrite="true"
           src="build/lib/jsf-impl.jar" />
  </goal>

</project>
