<?xml version='1.0' encoding='UTF-8'?>
<faces-config version="1.2"
              xmlns="http://java.sun.com/xml/ns/javaee"
              xmlns:xsi="http://www.w3.org/2001/XMLSchema-instance"
              xsi:schemaLocation="http://java.sun.com/xml/ns/javaee http://java.sun.com/xml/ns/javaee/web-facesconfig_1_2.xsd">
    
<application>
		<view-handler>
			org.jboss.portletbridge.application.PortletViewHandler
		</view-handler>
		<state-manager>org.jboss.portletbridge.application.PortletStateManager</state-manager>
</application>
	<navigation-rule>
		<from-view-id>/*</from-view-id>
		<navigation-case>
			<from-outcome>introExp</from-outcome>
			<to-view-id>
				/exp/introExp.xhtml?javax.portlet.faces.PortletMode=help</to-view-id>
		</navigation-case>
	</navigation-rule>
	<navigation-rule>
		<from-view-id>/*</from-view-id>
		<navigation-case>
			<from-outcome>loginExp</from-outcome>
			<to-view-id>
				/exp/loginExp.xhtml?javax.portlet.faces.PortletMode=help</to-view-id>
		</navigation-case>
	</navigation-rule>
	<navigation-rule>
		<from-view-id>/*</from-view-id>
		<navigation-case>
			<from-outcome>bookingExp</from-outcome>
			<to-view-id>
				/exp/bookingExp.xhtml?javax.portlet.faces.PortletMode=help</to-view-id>
		</navigation-case>
	</navigation-rule>
	<navigation-rule>
		<from-view-id>/*</from-view-id>
		<navigation-case>
			<from-outcome>confirmExp</from-outcome>
			<to-view-id>
				/exp/confirmExp.xhtml?javax.portlet.faces.PortletMode=help</to-view-id>
		</navigation-case>
	</navigation-rule>
	<navigation-rule>
		<from-view-id>/*</from-view-id>
		<navigation-case>
			<from-outcome>mainExp</from-outcome>
			<to-view-id>
				/exp/mainExp.xhtml?javax.portlet.faces.PortletMode=help</to-view-id>
		</navigation-case>
	</navigation-rule>
	<navigation-rule>
		<from-view-id>/*</from-view-id>
		<navigation-case>
			<from-outcome>workspaceExp</from-outcome>
			<to-view-id>
				/exp/workspaceExp.xhtml?javax.portlet.faces.PortletMode=help</to-view-id>
		</navigation-case>
	</navigation-rule>

</faces-config>
