<?xml version="1.0" encoding="UTF-8"?>
<portlet-app xmlns="http://java.sun.com/xml/ns/portlet/portlet-app_1_0.xsd"
   version="1.0"
      xmlns:xsi="http://www.w3.org/2001/XMLSchema-instance"
      xsi:schemaLocation="http://java.sun.com/xml/ns/portlet/portlet-app_1_0.xsd
      http://java.sun.com/xml/ns/portlet/portlet-app_1_0.xsd">
  <portlet>
    <portlet-name>seamBookingPortlet</portlet-name>
    <portlet-class>javax.portlet.faces.GenericFacesPortlet</portlet-class>

    <init-param>
      <name>javax.portlet.faces.defaultViewId.view</name>
      <value>/home.xhtml</value>
    </init-param>
    <init-param>
      <name>javax.portlet.faces.defaultViewId.help</name>
      <value>/exp/introExp.xhtml</value>
    </init-param>
    <init-param>
      <name>javax.portlet.faces.preserveActionParams</name>
      <value>true</value>
    </init-param>
    <expiration-cache>-0</expiration-cache>
    <portlet-info>
       <title>Seam Hotel Booking Portlet</title>
    </portlet-info>
    <supports>
      <mime-type>text/html</mime-type>
      <portlet-mode>VIEW</portlet-mode>
      <portlet-mode>HELP</portlet-mode>
    </supports>
  </portlet>
</portlet-app>
