<?xml version="1.0" encoding="UTF-8"?>
<deployments>
  <deployment>
     <parent-ref>default</parent-ref>
     <if-exists>overwrite</if-exists>
     <page>
     <page-name>SeamBooking</page-name>
        <window>
            <window-name>seamBookingPortletWindow</window-name>
            <instance-ref>SeamBookingPortletInstance</instance-ref>
            <region>center</region>
            <height>0</height>
            <initial-window-state>maximized</initial-window-state>
            <properties>
            </properties>
      </window>
    </page>
  </deployment>
</deployments>
