<?xml version="1.0" encoding="UTF-8"?>
<components xmlns="http://jboss.com/products/seam/components"
	xmlns:core="http://jboss.com/products/seam/core"
	xmlns:persistence="http://jboss.com/products/seam/persistence"
	xmlns:transaction="http://jboss.com/products/seam/transaction"
	xmlns:drools="http://jboss.com/products/seam/drools"
	xmlns:bpm="http://jboss.com/products/seam/bpm"
	xmlns:security="http://jboss.com/products/seam/security"
	xmlns:mail="http://jboss.com/products/seam/mail"
	xmlns:xsi="http://www.w3.org/2001/XMLSchema-instance"
	xsi:schemaLocation="http://jboss.com/products/seam/core http://jboss.com/products/seam/core-2.0.xsd 
                 http://jboss.com/products/seam/persistence http://jboss.com/products/seam/persistence-2.0.xsd 
                 http://jboss.com/products/seam/drools http://jboss.com/products/seam/drools-2.0.xsd
                 http://jboss.com/products/seam/bpm http://jboss.com/products/seam/bpm-2.0.xsd
                 http://jboss.com/products/seam/security http://jboss.com/products/seam/security-2.0.xsd
                 http://jboss.com/products/seam/mail http://jboss.com/products/seam/mail-2.0.xsd
                 http://jboss.com/products/seam/transaction http://jboss.com/products/seam/transaction-2.0.xsd
                 http://jboss.com/products/seam/components http://jboss.com/products/seam/components-2.0.xsd">

	<core:init debug="false" /><!-- transaction-management-enabled="false" -->

	<core:manager concurrent-request-timeout="500"
		conversation-timeout="120000" conversation-id-parameter="cid" />

	<transaction:entity-transaction entity-manager="#{entityManager}" />


	<persistence:entity-manager-factory name="exampleDatabase" />



	<persistence:managed-persistence-context name="entityManager"
		auto-create="true" entity-manager-factory="#{exampleDatabase}" />


	<!--
		
		<persistence:managed-persistence-context name="entityManager"
		auto-create="true"
		entity-manager-factory="#{seamIntegrationEntityManagerFactory}"/>
		
		<persistence:entity-manager-factory name="seamIntegrationEntityManagerFactory" 
		persistence-unit-name="seamIntegration"/>
		
		<drools:rule-base name="securityRules">
		<drools:rule-files><value>/security.drl</value></drools:rule-files>
		</drools:rule-base>
		
		<security:identity authenticate-method="#{authenticator.authenticate}"
		security-rules="#{securityRules}"
		remember-me="true"/>
		
		<event type="org.jboss.seam.notLoggedIn">
		<action expression="#{redirect.captureCurrentView}"/>
		</event>
		<event type="org.jboss.seam.postAuthenticate">
		<action expression="#{redirect.returnToCapturedView}"/>
		</event>
		
		<mail:mail-session host="localhost" port="2525" username="test" password="test" />
		
	-->
	<!-- For use with jBPM pageflow or process management -->
	<!--  
		<bpm:jbpm>
		<bpm:process-definitions></bpm:process-definitions>
		<bpm:pageflow-definitions></bpm:pageflow-definitions>
		</bpm:jbpm>
	-->

</components>
