<?xml version='1.0' encoding='UTF-8'?>
<faces-config version="1.2" xmlns="http://java.sun.com/xml/ns/javaee"
	xmlns:xsi="http://www.w3.org/2001/XMLSchema-instance"
	xsi:schemaLocation="http://java.sun.com/xml/ns/javaee http://java.sun.com/xml/ns/javaee/web-facesconfig_1_2.xsd">
	<!--

		<render-kit> <renderer> <description>override the
		viewroot</description>
		<component-family>javax.faces.ViewRoot</component-family>
		<renderer-type>org.jboss.portletbridge.ViewRoot</renderer-type>
		<renderer-class>
		org.jboss.portletbridge.renderkit.portlet.PortletAjaxViewRootRenderer</renderer-class>
		</renderer> </render-kit>
	-->
	<application>
		<view-handler>org.jboss.portletbridge.application.PortletViewHandler</view-handler>
		<state-manager>
			org.jboss.portletbridge.application.PortletStateManager</state-manager>
		<message-bundle>messages</message-bundle>
		<locale-config>
			<default-locale>en</default-locale>
		</locale-config>
	</application>
	<navigation-rule>
		<from-view-id>/pages/modeNavigation.xhtml*</from-view-id>
		<navigation-case>
			<from-outcome>help2</from-outcome>
			<to-view-id>
				/helpPages/help2.xhtml?javax.portlet.faces.PortletMode=help</to-view-id>
		</navigation-case>
	</navigation-rule>
	<navigation-rule>
		<from-view-id>/pages/modeNavigation.xhtml*</from-view-id>
		<navigation-case>
			<from-outcome>lastHelp</from-outcome>
			<to-view-id>
				#{sessionScope['javax.portlet.faces.viewIdHistory.help']}</to-view-id>
		</navigation-case>
	</navigation-rule>

</faces-config>
