<archetype>   <id>richfaces-basic</id>   <sources>      <source>src/main/java/DataFilterSliderDao.java</source>      <source>src/main/java/DataFilterSliderDaoImpl.java</source>      <source>src/main/java/DemoInventoryItem.java</source>      <source>src/main/java/DemoListener.java</source>      <source>src/main/java/DemoInventoryList.java</source>      <source>src/main/java/MyBean.java</source>   </sources>   <resources>      <resource>pom.xml</resource>      <resource filtered="false">README.txt</resource>      <resource filtered="false">src/main/webapp/css/master.css</resource>      <resource filtered="false">src/main/webapp/images/JBPB-logo.jpg</resource>      <resource filtered="false">src/main/webapp/inventory/inventoryList.xhtml</resource>      <resource filtered="false">src/main/webapp/jsf/edit.xhtml</resource>      <resource filtered="false">src/main/webapp/jsf/help.xhtml</resource>      <resource filtered="false">src/main/webapp/layouts/default.xhtml</resource>      <resource filtered="false">src/main/webapp/panelGrid/demo.xhtml</resource>      <resource filtered="false">src/main/webapp/phase/listener.xhtml</resource>      <resource filtered="false">src/main/webapp/signup/form.xhtml</resource>      <resource filtered="false">src/main/webapp/test/test-client.xhtml</resource>      <resource filtered="false">src/main/webapp/test/test.xhtml</resource>      <resource filtered="false">src/main/webapp/WEB-INF/classes/META-INF/images/2_6_DR_ss1.gif</resource>      <resource filtered="false">src/main/webapp/home.xhtml</resource>      <resource>src/main/webapp/WEB-INF/faces-config.xml</resource>      <resource>src/main/webapp/WEB-INF/web.xml</resource>      <resource>src/main/webapp/WEB-INF/jboss-app.xml</resource>      <resource>src/main/webapp/WEB-INF/jboss-portlet.xml</resource>      <resource>src/main/webapp/WEB-INF/portlet-instances.xml</resource>      <resource>src/main/webapp/WEB-INF/portlet.xml</resource>      <resource>src/main/webapp/WEB-INF/riportlet-object.xml</resource>   </resources></archetype>