<?xml version="1.0"?>
<faces-config xmlns="http://java.sun.com/xml/ns/javaee"
	xmlns:xsi="http://www.w3.org/2001/XMLSchema-instance"
	xsi:schemaLocation="http://java.sun.com/xml/ns/javaee http://java.sun.com/xml/ns/javaee/web-facesconfig_1_2.xsd"
	version="1.2">
	<application>
		<el-resolver>org.jboss.portletbridge.el.PortletELResolver</el-resolver>
		<!--
			<view-handler> org.jboss.portletbridge.application.PortletViewHandler
			</view-handler>
			<state-manager>org.jboss.portletbridge.application.PortletStateManager</state-manager>
		-->
	</application>
	<factory>
		<lifecycle-factory>
			org.jboss.portletbridge.lifecycle.PortletLifecycleFactory</lifecycle-factory>
	</factory>
	<lifecycle>
		<phase-listener>org.jboss.portletbridge.lifecycle.PortalPhaseListener</phase-listener>
	</lifecycle>
	<!--
		<render-kit> <renderer> <description>override the
		viewroot</description>
		<component-family>javax.faces.ViewRoot</component-family>
		<renderer-type>org.jboss.portletbridge.ViewRoot</renderer-type>
		<renderer-class>
		org.jboss.portletbridge.renderkit.portlet.PortletViewRootRenderer
		</renderer-class> </renderer> </render-kit>
	-->
</faces-config>
